Address1,Address2
"Baneswar, Shibpur, Baneswar-6260, Puthia, Rajshahi","Kolahata, Kalikapur, Haroa, Bonpara, Boraigram, Natore"
"Baneswar, Shibpur, Baneswar-6260, Puthia, Rajshahi","Doshtika, Noongola-5800, Bogura Sadar, Bogura"
"Baneswar, Shibpur, Baneswar-6260, Puthia, Rajshahi","Kuchbihar Road, Mahigong, Satmatha, Bottola, Mahiganj, Rangpur"
"Baneswar, Shibpur, Baneswar-6260, Puthia, Rajshahi","Kumurpur (near Zosna filling station), Birganj, Dinajpur"
"Baneswar, Shibpur, Baneswar-6260, Puthia, Rajshahi","Thikadar Para, Kale, Belgasha, Khalilgonj, Kurigram"
"Baneswar, Shibpur, Baneswar-6260, Puthia, Rajshahi","Dhaka Road, Gas Field Chourasta, Shakhipur, Tangail"
"Baneswar, Shibpur, Baneswar-6260, Puthia, Rajshahi","Digharkanda (Koborsthan Road), Amlitola, Mymensingh Sadar, Mymensingh"
"Baneswar, Shibpur, Baneswar-6260, Puthia, Rajshahi","Kuchai, Kadamtoli-3100, South Surma, Sylhet"
"Baneswar, Shibpur, Baneswar-6260, Puthia, Rajshahi","Word-01, College Road, Mirpur Bazar, Bahubal, Habiganj"
"Baneswar, Shibpur, Baneswar-6260, Puthia, Rajshahi","Daklapara, Kalakochua Bazar, Burichong, Cumilla"
"Baneswar, Shibpur, Baneswar-6260, Puthia, Rajshahi","Dalalpur, Kunjerhat, Borhanuddin, Bhola"
"Baneswar, Shibpur, Baneswar-6260, Puthia, Rajshahi","Batiara, Marjal, Kataghat-1630, Raipura, Narsingdi"
"Baneswar, Shibpur, Baneswar-6260, Puthia, Rajshahi","Chaulia, Rupdia Bazar, Narendrapur, Jashore Sadar, Jashore"
"Baneswar, Shibpur, Baneswar-6260, Puthia, Rajshahi","Afzal Shorif Faisal & Md.Abul Hossen, Mulaid, Mawna Chouresta, Tangra-1740, Sreepur, Gazipur"
"Baneswar, Shibpur, Baneswar-6260, Puthia, Rajshahi","Satia Cadet College, Babuganj, Barishal"
"Baneswar, Shibpur, Baneswar-6260, Puthia, Rajshahi","Brammankanda, Sreeangan, Kotwali, Faridpur"
"Baneswar, Shibpur, Baneswar-6260, Puthia, Rajshahi","Badarpur, Maokaran-8601, Patuakhali Sadar, Patuakhali"
"Baneswar, Shibpur, Baneswar-6260, Puthia, Rajshahi","Masjidia Chowdhury Para, Mostafapur, Hadifakirhat 4311, Mirsarai, Chattogram"
"Baneswar, Shibpur, Baneswar-6260, Puthia, Rajshahi","Keranirdhal, Debottor, Atghoria, Pabna"
"Baneswar, Shibpur, Baneswar-6260, Puthia, Rajshahi","Mohamadpur (Munsipara), Birampur, Dinajpur"
"Baneswar, Shibpur, Baneswar-6260, Puthia, Rajshahi","Uttor Jogannathpur, Mostafapur, Moulvibazar Sadar, Moulvibazar"
"Baneswar, Shibpur, Baneswar-6260, Puthia, Rajshahi","Julnas Pump, Joka, Phukhuria, Ghior, Manikganj"
"Baneswar, Shibpur, Baneswar-6260, Puthia, Rajshahi","Merigopinathpur, Gopalganj Sadar, Gopalganj"
"Baneswar, Shibpur, Baneswar-6260, Puthia, Rajshahi","Talukdar Bari, 29Khalishaduli, Baburhat 3602, Chandpur Sadar, Chandpur"
"Baneswar, Shibpur, Baneswar-6260, Puthia, Rajshahi","Chuknagor, cHUKNAGAR-9252, Dumuria, Khulna"
"Kolahata, Kalikapur, Haroa, Bonpara, Boraigram, Natore","Baneswar, Shibpur, Baneswar-6260, Puthia, Rajshahi"
"Kolahata, Kalikapur, Haroa, Bonpara, Boraigram, Natore","Doshtika, Noongola-5800, Bogura Sadar, Bogura"
"Kolahata, Kalikapur, Haroa, Bonpara, Boraigram, Natore","Kuchbihar Road, Mahigong, Satmatha, Bottola, Mahiganj, Rangpur"
"Kolahata, Kalikapur, Haroa, Bonpara, Boraigram, Natore","Kumurpur (near Zosna filling station), Birganj, Dinajpur"
"Kolahata, Kalikapur, Haroa, Bonpara, Boraigram, Natore","Thikadar Para, Kale, Belgasha, Khalilgonj, Kurigram"
"Kolahata, Kalikapur, Haroa, Bonpara, Boraigram, Natore","Dhaka Road, Gas Field Chourasta, Shakhipur, Tangail"
"Kolahata, Kalikapur, Haroa, Bonpara, Boraigram, Natore","Digharkanda (Koborsthan Road), Amlitola, Mymensingh Sadar, Mymensingh"
"Kolahata, Kalikapur, Haroa, Bonpara, Boraigram, Natore","Kuchai, Kadamtoli-3100, South Surma, Sylhet"
"Kolahata, Kalikapur, Haroa, Bonpara, Boraigram, Natore","Word-01, College Road, Mirpur Bazar, Bahubal, Habiganj"
"Kolahata, Kalikapur, Haroa, Bonpara, Boraigram, Natore","Daklapara, Kalakochua Bazar, Burichong, Cumilla"
"Kolahata, Kalikapur, Haroa, Bonpara, Boraigram, Natore","Dalalpur, Kunjerhat, Borhanuddin, Bhola"
"Kolahata, Kalikapur, Haroa, Bonpara, Boraigram, Natore","Batiara, Marjal, Kataghat-1630, Raipura, Narsingdi"
"Kolahata, Kalikapur, Haroa, Bonpara, Boraigram, Natore","Chaulia, Rupdia Bazar, Narendrapur, Jashore Sadar, Jashore"
"Kolahata, Kalikapur, Haroa, Bonpara, Boraigram, Natore","Mulaid, Mawna Chouresta, Tangra-1740, Sreepur, Gazipur"
"Kolahata, Kalikapur, Haroa, Bonpara, Boraigram, Natore","Satia Cadet College, Babuganj, Barishal"
"Kolahata, Kalikapur, Haroa, Bonpara, Boraigram, Natore","Brammankanda, Sreeangan, Kotwali, Faridpur"
"Kolahata, Kalikapur, Haroa, Bonpara, Boraigram, Natore","Badarpur, Maokaran-8601, Patuakhali Sadar, Patuakhali"
"Kolahata, Kalikapur, Haroa, Bonpara, Boraigram, Natore","Masjidia Chowdhury Para, Mostafapur, Hadifakirhat 4311, Mirsarai, Chattogram"
"Kolahata, Kalikapur, Haroa, Bonpara, Boraigram, Natore","Keranirdhal, Debottor, Atghoria, Pabna"
"Kolahata, Kalikapur, Haroa, Bonpara, Boraigram, Natore","Mohamadpur (Munsipara), Birampur, Dinajpur"
"Kolahata, Kalikapur, Haroa, Bonpara, Boraigram, Natore","Uttor Jogannathpur, Mostafapur, Moulvibazar Sadar, Moulvibazar"
"Kolahata, Kalikapur, Haroa, Bonpara, Boraigram, Natore","Julnas Pump, Joka, Phukhuria, Ghior, Manikganj"
"Kolahata, Kalikapur, Haroa, Bonpara, Boraigram, Natore","Merigopinathpur, Gopalganj Sadar, Gopalganj"
"Kolahata, Kalikapur, Haroa, Bonpara, Boraigram, Natore","Talukdar Bari, 29Khalishaduli, Baburhat 3602, Chandpur Sadar, Chandpur"
"Kolahata, Kalikapur, Haroa, Bonpara, Boraigram, Natore","Chuknagor, cHUKNAGAR-9252, Dumuria, Khulna"
"Doshtika, Noongola-5800, Bogura Sadar, Bogura","Baneswar, Shibpur, Baneswar-6260, Puthia, Rajshahi"
"Doshtika, Noongola-5800, Bogura Sadar, Bogura","Kolahata, Kalikapur, Haroa, Bonpara, Boraigram, Natore"
"Doshtika, Noongola-5800, Bogura Sadar, Bogura","Kuchbihar Road, Mahigong, Satmatha, Bottola, Mahiganj, Rangpur"
"Doshtika, Noongola-5800, Bogura Sadar, Bogura","Kumurpur (near Zosna filling station), Birganj, Dinajpur"
"Doshtika, Noongola-5800, Bogura Sadar, Bogura","Thikadar Para, Kale, Belgasha, Khalilgonj, Kurigram"
"Doshtika, Noongola-5800, Bogura Sadar, Bogura","Dhaka Road, Gas Field Chourasta, Shakhipur, Tangail"
"Doshtika, Noongola-5800, Bogura Sadar, Bogura","Digharkanda (Koborsthan Road), Amlitola, Mymensingh Sadar, Mymensingh"
"Doshtika, Noongola-5800, Bogura Sadar, Bogura","Kuchai, Kadamtoli-3100, South Surma, Sylhet"
"Doshtika, Noongola-5800, Bogura Sadar, Bogura","Word-01, College Road, Mirpur Bazar, Bahubal, Habiganj"
"Doshtika, Noongola-5800, Bogura Sadar, Bogura","Daklapara, Kalakochua Bazar, Burichong, Cumilla"
"Doshtika, Noongola-5800, Bogura Sadar, Bogura","Dalalpur, Kunjerhat, Borhanuddin, Bhola"
"Doshtika, Noongola-5800, Bogura Sadar, Bogura","Batiara, Marjal, Kataghat-1630, Raipura, Narsingdi"
"Doshtika, Noongola-5800, Bogura Sadar, Bogura","Chaulia, Rupdia Bazar, Narendrapur, Jashore Sadar, Jashore"
"Doshtika, Noongola-5800, Bogura Sadar, Bogura","Mulaid, Mawna Chouresta, Tangra-1740, Sreepur, Gazipur"
"Doshtika, Noongola-5800, Bogura Sadar, Bogura","Satia Cadet College, Babuganj, Barishal"
"Doshtika, Noongola-5800, Bogura Sadar, Bogura","Brammankanda, Sreeangan, Kotwali, Faridpur"
"Doshtika, Noongola-5800, Bogura Sadar, Bogura","Badarpur, Maokaran-8601, Patuakhali Sadar, Patuakhali"
"Doshtika, Noongola-5800, Bogura Sadar, Bogura","Masjidia Chowdhury Para, Mostafapur, Hadifakirhat 4311, Mirsarai, Chattogram"
"Doshtika, Noongola-5800, Bogura Sadar, Bogura","Keranirdhal, Debottor, Atghoria, Pabna"
"Doshtika, Noongola-5800, Bogura Sadar, Bogura","Mohamadpur (Munsipara), Birampur, Dinajpur"
"Doshtika, Noongola-5800, Bogura Sadar, Bogura","Uttor Jogannathpur, Mostafapur, Moulvibazar Sadar, Moulvibazar"
"Doshtika, Noongola-5800, Bogura Sadar, Bogura","Julnas Pump, Joka, Phukhuria, Ghior, Manikganj"
"Doshtika, Noongola-5800, Bogura Sadar, Bogura","Merigopinathpur, Gopalganj Sadar, Gopalganj"
"Doshtika, Noongola-5800, Bogura Sadar, Bogura","Talukdar Bari, 29Khalishaduli, Baburhat 3602, Chandpur Sadar, Chandpur"
"Doshtika, Noongola-5800, Bogura Sadar, Bogura","Chuknagor, cHUKNAGAR-9252, Dumuria, Khulna"
"Kuchbihar Road, Mahigong, Satmatha, Bottola, Mahiganj, Rangpur","Baneswar, Shibpur, Baneswar-6260, Puthia, Rajshahi"
"Kuchbihar Road, Mahigong, Satmatha, Bottola, Mahiganj, Rangpur","Kolahata, Kalikapur, Haroa, Bonpara, Boraigram, Natore"
"Kuchbihar Road, Mahigong, Satmatha, Bottola, Mahiganj, Rangpur","Doshtika, Noongola-5800, Bogura Sadar, Bogura"
"Kuchbihar Road, Mahigong, Satmatha, Bottola, Mahiganj, Rangpur","Kumurpur (near Zosna filling station), Birganj, Dinajpur"
"Kuchbihar Road, Mahigong, Satmatha, Bottola, Mahiganj, Rangpur","Thikadar Para, Kale, Belgasha, Khalilgonj, Kurigram"
"Kuchbihar Road, Mahigong, Satmatha, Bottola, Mahiganj, Rangpur","Dhaka Road, Gas Field Chourasta, Shakhipur, Tangail"
"Kuchbihar Road, Mahigong, Satmatha, Bottola, Mahiganj, Rangpur","Digharkanda (Koborsthan Road), Amlitola, Mymensingh Sadar, Mymensingh"
"Kuchbihar Road, Mahigong, Satmatha, Bottola, Mahiganj, Rangpur","Kuchai, Kadamtoli-3100, South Surma, Sylhet"
"Kuchbihar Road, Mahigong, Satmatha, Bottola, Mahiganj, Rangpur","Word-01, College Road, Mirpur Bazar, Bahubal, Habiganj"
"Kuchbihar Road, Mahigong, Satmatha, Bottola, Mahiganj, Rangpur","Daklapara, Kalakochua Bazar, Burichong, Cumilla"
"Kuchbihar Road, Mahigong, Satmatha, Bottola, Mahiganj, Rangpur","Dalalpur, Kunjerhat, Borhanuddin, Bhola"
"Kuchbihar Road, Mahigong, Satmatha, Bottola, Mahiganj, Rangpur","Batiara, Marjal, Kataghat-1630, Raipura, Narsingdi"
"Kuchbihar Road, Mahigong, Satmatha, Bottola, Mahiganj, Rangpur","Chaulia, Rupdia Bazar, Narendrapur, Jashore Sadar, Jashore"
"Kuchbihar Road, Mahigong, Satmatha, Bottola, Mahiganj, Rangpur","Mulaid, Mawna Chouresta, Tangra-1740, Sreepur, Gazipur"
"Kuchbihar Road, Mahigong, Satmatha, Bottola, Mahiganj, Rangpur","Satia Cadet College, Babuganj, Barishal"
"Kuchbihar Road, Mahigong, Satmatha, Bottola, Mahiganj, Rangpur","Brammankanda, Sreeangan, Kotwali, Faridpur"
"Kuchbihar Road, Mahigong, Satmatha, Bottola, Mahiganj, Rangpur","Badarpur, Maokaran-8601, Patuakhali Sadar, Patuakhali"
"Kuchbihar Road, Mahigong, Satmatha, Bottola, Mahiganj, Rangpur","Masjidia Chowdhury Para, Mostafapur, Hadifakirhat 4311, Mirsarai, Chattogram"
"Kuchbihar Road, Mahigong, Satmatha, Bottola, Mahiganj, Rangpur","Keranirdhal, Debottor, Atghoria, Pabna"
"Kuchbihar Road, Mahigong, Satmatha, Bottola, Mahiganj, Rangpur","Mohamadpur (Munsipara), Birampur, Dinajpur"
"Kuchbihar Road, Mahigong, Satmatha, Bottola, Mahiganj, Rangpur","Uttor Jogannathpur, Mostafapur, Moulvibazar Sadar, Moulvibazar"
"Kuchbihar Road, Mahigong, Satmatha, Bottola, Mahiganj, Rangpur","Julnas Pump, Joka, Phukhuria, Ghior, Manikganj"
"Kuchbihar Road, Mahigong, Satmatha, Bottola, Mahiganj, Rangpur","Merigopinathpur, Gopalganj Sadar, Gopalganj"
"Kuchbihar Road, Mahigong, Satmatha, Bottola, Mahiganj, Rangpur","Talukdar Bari, 29Khalishaduli, Baburhat 3602, Chandpur Sadar, Chandpur"
"Kuchbihar Road, Mahigong, Satmatha, Bottola, Mahiganj, Rangpur","Chuknagor, cHUKNAGAR-9252, Dumuria, Khulna"
"Kumurpur (near Zosna filling station), Birganj, Dinajpur","Baneswar, Shibpur, Baneswar-6260, Puthia, Rajshahi"
"Kumurpur (near Zosna filling station), Birganj, Dinajpur","Kolahata, Kalikapur, Haroa, Bonpara, Boraigram, Natore"
"Kumurpur (near Zosna filling station), Birganj, Dinajpur","Doshtika, Noongola-5800, Bogura Sadar, Bogura"
"Kumurpur (near Zosna filling station), Birganj, Dinajpur","Kuchbihar Road, Mahigong, Satmatha, Bottola, Mahiganj, Rangpur"
"Kumurpur (near Zosna filling station), Birganj, Dinajpur","Thikadar Para, Kale, Belgasha, Khalilgonj, Kurigram"
"Kumurpur (near Zosna filling station), Birganj, Dinajpur","Dhaka Road, Gas Field Chourasta, Shakhipur, Tangail"
"Kumurpur (near Zosna filling station), Birganj, Dinajpur","Digharkanda (Koborsthan Road), Amlitola, Mymensingh Sadar, Mymensingh"
"Kumurpur (near Zosna filling station), Birganj, Dinajpur","Kuchai, Kadamtoli-3100, South Surma, Sylhet"
"Kumurpur (near Zosna filling station), Birganj, Dinajpur","Word-01, College Road, Mirpur Bazar, Bahubal, Habiganj"
"Kumurpur (near Zosna filling station), Birganj, Dinajpur","Daklapara, Kalakochua Bazar, Burichong, Cumilla"
"Kumurpur (near Zosna filling station), Birganj, Dinajpur","Dalalpur, Kunjerhat, Borhanuddin, Bhola"
"Kumurpur (near Zosna filling station), Birganj, Dinajpur","Batiara, Marjal, Kataghat-1630, Raipura, Narsingdi"
"Kumurpur (near Zosna filling station), Birganj, Dinajpur","Chaulia, Rupdia Bazar, Narendrapur, Jashore Sadar, Jashore"
"Kumurpur (near Zosna filling station), Birganj, Dinajpur","Mulaid, Mawna Chouresta, Tangra-1740, Sreepur, Gazipur"
"Kumurpur (near Zosna filling station), Birganj, Dinajpur","Satia Cadet College, Babuganj, Barishal"
"Kumurpur (near Zosna filling station), Birganj, Dinajpur","Brammankanda, Sreeangan, Kotwali, Faridpur"
"Kumurpur (near Zosna filling station), Birganj, Dinajpur","Badarpur, Maokaran-8601, Patuakhali Sadar, Patuakhali"
"Kumurpur (near Zosna filling station), Birganj, Dinajpur","Masjidia Chowdhury Para, Mostafapur, Hadifakirhat 4311, Mirsarai, Chattogram"
"Kumurpur (near Zosna filling station), Birganj, Dinajpur","Keranirdhal, Debottor, Atghoria, Pabna"
"Kumurpur (near Zosna filling station), Birganj, Dinajpur","Mohamadpur (Munsipara), Birampur, Dinajpur"
"Kumurpur (near Zosna filling station), Birganj, Dinajpur","Uttor Jogannathpur, Mostafapur, Moulvibazar Sadar, Moulvibazar"
"Kumurpur (near Zosna filling station), Birganj, Dinajpur","Julnas Pump, Joka, Phukhuria, Ghior, Manikganj"
"Kumurpur (near Zosna filling station), Birganj, Dinajpur","Merigopinathpur, Gopalganj Sadar, Gopalganj"
"Kumurpur (near Zosna filling station), Birganj, Dinajpur","Talukdar Bari, 29Khalishaduli, Baburhat 3602, Chandpur Sadar, Chandpur"
"Kumurpur (near Zosna filling station), Birganj, Dinajpur","Chuknagor, cHUKNAGAR-9252, Dumuria, Khulna"
"Thikadar Para, Kale, Belgasha, Khalilgonj, Kurigram","Baneswar, Shibpur, Baneswar-6260, Puthia, Rajshahi"
"Thikadar Para, Kale, Belgasha, Khalilgonj, Kurigram","Kolahata, Kalikapur, Haroa, Bonpara, Boraigram, Natore"
"Thikadar Para, Kale, Belgasha, Khalilgonj, Kurigram","Doshtika, Noongola-5800, Bogura Sadar, Bogura"
"Thikadar Para, Kale, Belgasha, Khalilgonj, Kurigram","Kuchbihar Road, Mahigong, Satmatha, Bottola, Mahiganj, Rangpur"
"Thikadar Para, Kale, Belgasha, Khalilgonj, Kurigram","Kumurpur (near Zosna filling station), Birganj, Dinajpur"
"Thikadar Para, Kale, Belgasha, Khalilgonj, Kurigram","Dhaka Road, Gas Field Chourasta, Shakhipur, Tangail"
"Thikadar Para, Kale, Belgasha, Khalilgonj, Kurigram","Digharkanda (Koborsthan Road), Amlitola, Mymensingh Sadar, Mymensingh"
"Thikadar Para, Kale, Belgasha, Khalilgonj, Kurigram","Kuchai, Kadamtoli-3100, South Surma, Sylhet"
"Thikadar Para, Kale, Belgasha, Khalilgonj, Kurigram","Word-01, College Road, Mirpur Bazar, Bahubal, Habiganj"
"Thikadar Para, Kale, Belgasha, Khalilgonj, Kurigram","Daklapara, Kalakochua Bazar, Burichong, Cumilla"
"Thikadar Para, Kale, Belgasha, Khalilgonj, Kurigram","Dalalpur, Kunjerhat, Borhanuddin, Bhola"
"Thikadar Para, Kale, Belgasha, Khalilgonj, Kurigram","Batiara, Marjal, Kataghat-1630, Raipura, Narsingdi"
"Thikadar Para, Kale, Belgasha, Khalilgonj, Kurigram","Chaulia, Rupdia Bazar, Narendrapur, Jashore Sadar, Jashore"
"Thikadar Para, Kale, Belgasha, Khalilgonj, Kurigram","Mulaid, Mawna Chouresta, Tangra-1740, Sreepur, Gazipur"
"Thikadar Para, Kale, Belgasha, Khalilgonj, Kurigram","Satia Cadet College, Babuganj, Barishal"
"Thikadar Para, Kale, Belgasha, Khalilgonj, Kurigram","Brammankanda, Sreeangan, Kotwali, Faridpur"
"Thikadar Para, Kale, Belgasha, Khalilgonj, Kurigram","Badarpur, Maokaran-8601, Patuakhali Sadar, Patuakhali"
"Thikadar Para, Kale, Belgasha, Khalilgonj, Kurigram","Masjidia Chowdhury Para, Mostafapur, Hadifakirhat 4311, Mirsarai, Chattogram"
"Thikadar Para, Kale, Belgasha, Khalilgonj, Kurigram","Keranirdhal, Debottor, Atghoria, Pabna"
"Thikadar Para, Kale, Belgasha, Khalilgonj, Kurigram","Mohamadpur (Munsipara), Birampur, Dinajpur"
"Thikadar Para, Kale, Belgasha, Khalilgonj, Kurigram","Uttor Jogannathpur, Mostafapur, Moulvibazar Sadar, Moulvibazar"
"Thikadar Para, Kale, Belgasha, Khalilgonj, Kurigram","Julnas Pump, Joka, Phukhuria, Ghior, Manikganj"
"Thikadar Para, Kale, Belgasha, Khalilgonj, Kurigram","Merigopinathpur, Gopalganj Sadar, Gopalganj"
"Thikadar Para, Kale, Belgasha, Khalilgonj, Kurigram","Talukdar Bari, 29Khalishaduli, Baburhat 3602, Chandpur Sadar, Chandpur"
"Thikadar Para, Kale, Belgasha, Khalilgonj, Kurigram","Chuknagor, cHUKNAGAR-9252, Dumuria, Khulna"
"Dhaka Road, Gas Field Chourasta, Shakhipur, Tangail","Baneswar, Shibpur, Baneswar-6260, Puthia, Rajshahi"
"Dhaka Road, Gas Field Chourasta, Shakhipur, Tangail","Kolahata, Kalikapur, Haroa, Bonpara, Boraigram, Natore"
"Dhaka Road, Gas Field Chourasta, Shakhipur, Tangail","Doshtika, Noongola-5800, Bogura Sadar, Bogura"
"Dhaka Road, Gas Field Chourasta, Shakhipur, Tangail","Kuchbihar Road, Mahigong, Satmatha, Bottola, Mahiganj, Rangpur"
"Dhaka Road, Gas Field Chourasta, Shakhipur, Tangail","Kumurpur (near Zosna filling station), Birganj, Dinajpur"
"Dhaka Road, Gas Field Chourasta, Shakhipur, Tangail","Thikadar Para, Kale, Belgasha, Khalilgonj, Kurigram"
"Dhaka Road, Gas Field Chourasta, Shakhipur, Tangail","Digharkanda (Koborsthan Road), Amlitola, Mymensingh Sadar, Mymensingh"
"Dhaka Road, Gas Field Chourasta, Shakhipur, Tangail","Kuchai, Kadamtoli-3100, South Surma, Sylhet"
"Dhaka Road, Gas Field Chourasta, Shakhipur, Tangail","Word-01, College Road, Mirpur Bazar, Bahubal, Habiganj"
"Dhaka Road, Gas Field Chourasta, Shakhipur, Tangail","Daklapara, Kalakochua Bazar, Burichong, Cumilla"
"Dhaka Road, Gas Field Chourasta, Shakhipur, Tangail","Dalalpur, Kunjerhat, Borhanuddin, Bhola"
"Dhaka Road, Gas Field Chourasta, Shakhipur, Tangail","Batiara, Marjal, Kataghat-1630, Raipura, Narsingdi"
"Dhaka Road, Gas Field Chourasta, Shakhipur, Tangail","Chaulia, Rupdia Bazar, Narendrapur, Jashore Sadar, Jashore"
"Dhaka Road, Gas Field Chourasta, Shakhipur, Tangail","Mulaid, Mawna Chouresta, Tangra-1740, Sreepur, Gazipur"
"Dhaka Road, Gas Field Chourasta, Shakhipur, Tangail","Satia Cadet College, Babuganj, Barishal"
"Dhaka Road, Gas Field Chourasta, Shakhipur, Tangail","Brammankanda, Sreeangan, Kotwali, Faridpur"
"Dhaka Road, Gas Field Chourasta, Shakhipur, Tangail","Badarpur, Maokaran-8601, Patuakhali Sadar, Patuakhali"
"Dhaka Road, Gas Field Chourasta, Shakhipur, Tangail","Masjidia Chowdhury Para, Mostafapur, Hadifakirhat 4311, Mirsarai, Chattogram"
"Dhaka Road, Gas Field Chourasta, Shakhipur, Tangail","Keranirdhal, Debottor, Atghoria, Pabna"
"Dhaka Road, Gas Field Chourasta, Shakhipur, Tangail","Mohamadpur (Munsipara), Birampur, Dinajpur"
"Dhaka Road, Gas Field Chourasta, Shakhipur, Tangail","Uttor Jogannathpur, Mostafapur, Moulvibazar Sadar, Moulvibazar"
"Dhaka Road, Gas Field Chourasta, Shakhipur, Tangail","Julnas Pump, Joka, Phukhuria, Ghior, Manikganj"
"Dhaka Road, Gas Field Chourasta, Shakhipur, Tangail","Merigopinathpur, Gopalganj Sadar, Gopalganj"
"Dhaka Road, Gas Field Chourasta, Shakhipur, Tangail","Talukdar Bari, 29Khalishaduli, Baburhat 3602, Chandpur Sadar, Chandpur"
"Dhaka Road, Gas Field Chourasta, Shakhipur, Tangail","Chuknagor, cHUKNAGAR-9252, Dumuria, Khulna"
"Digharkanda (Koborsthan Road), Amlitola, Mymensingh Sadar, Mymensingh","Baneswar, Shibpur, Baneswar-6260, Puthia, Rajshahi"
"Digharkanda (Koborsthan Road), Amlitola, Mymensingh Sadar, Mymensingh","Kolahata, Kalikapur, Haroa, Bonpara, Boraigram, Natore"
"Digharkanda (Koborsthan Road), Amlitola, Mymensingh Sadar, Mymensingh","Doshtika, Noongola-5800, Bogura Sadar, Bogura"
"Digharkanda (Koborsthan Road), Amlitola, Mymensingh Sadar, Mymensingh","Kuchbihar Road, Mahigong, Satmatha, Bottola, Mahiganj, Rangpur"
"Digharkanda (Koborsthan Road), Amlitola, Mymensingh Sadar, Mymensingh","Kumurpur (near Zosna filling station), Birganj, Dinajpur"
"Digharkanda (Koborsthan Road), Amlitola, Mymensingh Sadar, Mymensingh","Thikadar Para, Kale, Belgasha, Khalilgonj, Kurigram"
"Digharkanda (Koborsthan Road), Amlitola, Mymensingh Sadar, Mymensingh","Dhaka Road, Gas Field Chourasta, Shakhipur, Tangail"
"Digharkanda (Koborsthan Road), Amlitola, Mymensingh Sadar, Mymensingh","Kuchai, Kadamtoli-3100, South Surma, Sylhet"
"Digharkanda (Koborsthan Road), Amlitola, Mymensingh Sadar, Mymensingh","Word-01, College Road, Mirpur Bazar, Bahubal, Habiganj"
"Digharkanda (Koborsthan Road), Amlitola, Mymensingh Sadar, Mymensingh","Daklapara, Kalakochua Bazar, Burichong, Cumilla"
"Digharkanda (Koborsthan Road), Amlitola, Mymensingh Sadar, Mymensingh","Dalalpur, Kunjerhat, Borhanuddin, Bhola"
"Digharkanda (Koborsthan Road), Amlitola, Mymensingh Sadar, Mymensingh","Batiara, Marjal, Kataghat-1630, Raipura, Narsingdi"
"Digharkanda (Koborsthan Road), Amlitola, Mymensingh Sadar, Mymensingh","Chaulia, Rupdia Bazar, Narendrapur, Jashore Sadar, Jashore"
"Digharkanda (Koborsthan Road), Amlitola, Mymensingh Sadar, Mymensingh","Mulaid, Mawna Chouresta, Tangra-1740, Sreepur, Gazipur"
"Digharkanda (Koborsthan Road), Amlitola, Mymensingh Sadar, Mymensingh","Satia Cadet College, Babuganj, Barishal"
"Digharkanda (Koborsthan Road), Amlitola, Mymensingh Sadar, Mymensingh","Brammankanda, Sreeangan, Kotwali, Faridpur"
"Digharkanda (Koborsthan Road), Amlitola, Mymensingh Sadar, Mymensingh","Badarpur, Maokaran-8601, Patuakhali Sadar, Patuakhali"
"Digharkanda (Koborsthan Road), Amlitola, Mymensingh Sadar, Mymensingh","Masjidia Chowdhury Para, Mostafapur, Hadifakirhat 4311, Mirsarai, Chattogram"
"Digharkanda (Koborsthan Road), Amlitola, Mymensingh Sadar, Mymensingh","Keranirdhal, Debottor, Atghoria, Pabna"
"Digharkanda (Koborsthan Road), Amlitola, Mymensingh Sadar, Mymensingh","Mohamadpur (Munsipara), Birampur, Dinajpur"
"Digharkanda (Koborsthan Road), Amlitola, Mymensingh Sadar, Mymensingh","Uttor Jogannathpur, Mostafapur, Moulvibazar Sadar, Moulvibazar"
"Digharkanda (Koborsthan Road), Amlitola, Mymensingh Sadar, Mymensingh","Julnas Pump, Joka, Phukhuria, Ghior, Manikganj"
"Digharkanda (Koborsthan Road), Amlitola, Mymensingh Sadar, Mymensingh","Merigopinathpur, Gopalganj Sadar, Gopalganj"
"Digharkanda (Koborsthan Road), Amlitola, Mymensingh Sadar, Mymensingh","Talukdar Bari, 29Khalishaduli, Baburhat 3602, Chandpur Sadar, Chandpur"
"Digharkanda (Koborsthan Road), Amlitola, Mymensingh Sadar, Mymensingh","Chuknagor, cHUKNAGAR-9252, Dumuria, Khulna"
"Kuchai, Kadamtoli-3100, South Surma, Sylhet","Baneswar, Shibpur, Baneswar-6260, Puthia, Rajshahi"
"Kuchai, Kadamtoli-3100, South Surma, Sylhet","Kolahata, Kalikapur, Haroa, Bonpara, Boraigram, Natore"
"Kuchai, Kadamtoli-3100, South Surma, Sylhet","Doshtika, Noongola-5800, Bogura Sadar, Bogura"
"Kuchai, Kadamtoli-3100, South Surma, Sylhet","Kuchbihar Road, Mahigong, Satmatha, Bottola, Mahiganj, Rangpur"
"Kuchai, Kadamtoli-3100, South Surma, Sylhet","Kumurpur (near Zosna filling station), Birganj, Dinajpur"
"Kuchai, Kadamtoli-3100, South Surma, Sylhet","Thikadar Para, Kale, Belgasha, Khalilgonj, Kurigram"
"Kuchai, Kadamtoli-3100, South Surma, Sylhet","Dhaka Road, Gas Field Chourasta, Shakhipur, Tangail"
"Kuchai, Kadamtoli-3100, South Surma, Sylhet","Digharkanda (Koborsthan Road), Amlitola, Mymensingh Sadar, Mymensingh"
"Kuchai, Kadamtoli-3100, South Surma, Sylhet","Word-01, College Road, Mirpur Bazar, Bahubal, Habiganj"
"Kuchai, Kadamtoli-3100, South Surma, Sylhet","Daklapara, Kalakochua Bazar, Burichong, Cumilla"
"Kuchai, Kadamtoli-3100, South Surma, Sylhet","Dalalpur, Kunjerhat, Borhanuddin, Bhola"
"Kuchai, Kadamtoli-3100, South Surma, Sylhet","Batiara, Marjal, Kataghat-1630, Raipura, Narsingdi"
"Kuchai, Kadamtoli-3100, South Surma, Sylhet","Chaulia, Rupdia Bazar, Narendrapur, Jashore Sadar, Jashore"
"Kuchai, Kadamtoli-3100, South Surma, Sylhet","Mulaid, Mawna Chouresta, Tangra-1740, Sreepur, Gazipur"
"Kuchai, Kadamtoli-3100, South Surma, Sylhet","Satia Cadet College, Babuganj, Barishal"
"Kuchai, Kadamtoli-3100, South Surma, Sylhet","Brammankanda, Sreeangan, Kotwali, Faridpur"
"Kuchai, Kadamtoli-3100, South Surma, Sylhet","Badarpur, Maokaran-8601, Patuakhali Sadar, Patuakhali"
"Kuchai, Kadamtoli-3100, South Surma, Sylhet","Masjidia Chowdhury Para, Mostafapur, Hadifakirhat 4311, Mirsarai, Chattogram"
"Kuchai, Kadamtoli-3100, South Surma, Sylhet","Keranirdhal, Debottor, Atghoria, Pabna"
"Kuchai, Kadamtoli-3100, South Surma, Sylhet","Mohamadpur (Munsipara), Birampur, Dinajpur"
"Kuchai, Kadamtoli-3100, South Surma, Sylhet","Uttor Jogannathpur, Mostafapur, Moulvibazar Sadar, Moulvibazar"
"Kuchai, Kadamtoli-3100, South Surma, Sylhet","Julnas Pump, Joka, Phukhuria, Ghior, Manikganj"
"Kuchai, Kadamtoli-3100, South Surma, Sylhet","Merigopinathpur, Gopalganj Sadar, Gopalganj"
"Kuchai, Kadamtoli-3100, South Surma, Sylhet","Talukdar Bari, 29Khalishaduli, Baburhat 3602, Chandpur Sadar, Chandpur"
"Kuchai, Kadamtoli-3100, South Surma, Sylhet","Chuknagor, cHUKNAGAR-9252, Dumuria, Khulna"
"Word-01, College Road, Mirpur Bazar, Bahubal, Habiganj","Baneswar, Shibpur, Baneswar-6260, Puthia, Rajshahi"
"Word-01, College Road, Mirpur Bazar, Bahubal, Habiganj","Kolahata, Kalikapur, Haroa, Bonpara, Boraigram, Natore"
"Word-01, College Road, Mirpur Bazar, Bahubal, Habiganj","Doshtika, Noongola-5800, Bogura Sadar, Bogura"
"Word-01, College Road, Mirpur Bazar, Bahubal, Habiganj","Kuchbihar Road, Mahigong, Satmatha, Bottola, Mahiganj, Rangpur"
"Word-01, College Road, Mirpur Bazar, Bahubal, Habiganj","Kumurpur (near Zosna filling station), Birganj, Dinajpur"
"Word-01, College Road, Mirpur Bazar, Bahubal, Habiganj","Thikadar Para, Kale, Belgasha, Khalilgonj, Kurigram"
"Word-01, College Road, Mirpur Bazar, Bahubal, Habiganj","Dhaka Road, Gas Field Chourasta, Shakhipur, Tangail"
"Word-01, College Road, Mirpur Bazar, Bahubal, Habiganj","Digharkanda (Koborsthan Road), Amlitola, Mymensingh Sadar, Mymensingh"
"Word-01, College Road, Mirpur Bazar, Bahubal, Habiganj","Kuchai, Kadamtoli-3100, South Surma, Sylhet"
"Word-01, College Road, Mirpur Bazar, Bahubal, Habiganj","Daklapara, Kalakochua Bazar, Burichong, Cumilla"
"Word-01, College Road, Mirpur Bazar, Bahubal, Habiganj","Dalalpur, Kunjerhat, Borhanuddin, Bhola"
"Word-01, College Road, Mirpur Bazar, Bahubal, Habiganj","Batiara, Marjal, Kataghat-1630, Raipura, Narsingdi"
"Word-01, College Road, Mirpur Bazar, Bahubal, Habiganj","Chaulia, Rupdia Bazar, Narendrapur, Jashore Sadar, Jashore"
"Word-01, College Road, Mirpur Bazar, Bahubal, Habiganj","Mulaid, Mawna Chouresta, Tangra-1740, Sreepur, Gazipur"
"Word-01, College Road, Mirpur Bazar, Bahubal, Habiganj","Satia Cadet College, Babuganj, Barishal"
"Word-01, College Road, Mirpur Bazar, Bahubal, Habiganj","Brammankanda, Sreeangan, Kotwali, Faridpur"
"Word-01, College Road, Mirpur Bazar, Bahubal, Habiganj","Badarpur, Maokaran-8601, Patuakhali Sadar, Patuakhali"
"Word-01, College Road, Mirpur Bazar, Bahubal, Habiganj","Masjidia Chowdhury Para, Mostafapur, Hadifakirhat 4311, Mirsarai, Chattogram"
"Word-01, College Road, Mirpur Bazar, Bahubal, Habiganj","Keranirdhal, Debottor, Atghoria, Pabna"
"Word-01, College Road, Mirpur Bazar, Bahubal, Habiganj","Mohamadpur (Munsipara), Birampur, Dinajpur"
"Word-01, College Road, Mirpur Bazar, Bahubal, Habiganj","Uttor Jogannathpur, Mostafapur, Moulvibazar Sadar, Moulvibazar"
"Word-01, College Road, Mirpur Bazar, Bahubal, Habiganj","Julnas Pump, Joka, Phukhuria, Ghior, Manikganj"
"Word-01, College Road, Mirpur Bazar, Bahubal, Habiganj","Merigopinathpur, Gopalganj Sadar, Gopalganj"
"Word-01, College Road, Mirpur Bazar, Bahubal, Habiganj","Talukdar Bari, 29Khalishaduli, Baburhat 3602, Chandpur Sadar, Chandpur"
"Word-01, College Road, Mirpur Bazar, Bahubal, Habiganj","Chuknagor, cHUKNAGAR-9252, Dumuria, Khulna"
"Daklapara, Kalakochua Bazar, Burichong, Cumilla","Baneswar, Shibpur, Baneswar-6260, Puthia, Rajshahi"
"Daklapara, Kalakochua Bazar, Burichong, Cumilla","Kolahata, Kalikapur, Haroa, Bonpara, Boraigram, Natore"
"Daklapara, Kalakochua Bazar, Burichong, Cumilla","Doshtika, Noongola-5800, Bogura Sadar, Bogura"
"Daklapara, Kalakochua Bazar, Burichong, Cumilla","Kuchbihar Road, Mahigong, Satmatha, Bottola, Mahiganj, Rangpur"
"Daklapara, Kalakochua Bazar, Burichong, Cumilla","Kumurpur (near Zosna filling station), Birganj, Dinajpur"
"Daklapara, Kalakochua Bazar, Burichong, Cumilla","Thikadar Para, Kale, Belgasha, Khalilgonj, Kurigram"
"Daklapara, Kalakochua Bazar, Burichong, Cumilla","Dhaka Road, Gas Field Chourasta, Shakhipur, Tangail"
"Daklapara, Kalakochua Bazar, Burichong, Cumilla","Digharkanda (Koborsthan Road), Amlitola, Mymensingh Sadar, Mymensingh"
"Daklapara, Kalakochua Bazar, Burichong, Cumilla","Kuchai, Kadamtoli-3100, South Surma, Sylhet"
"Daklapara, Kalakochua Bazar, Burichong, Cumilla","Word-01, College Road, Mirpur Bazar, Bahubal, Habiganj"
"Daklapara, Kalakochua Bazar, Burichong, Cumilla","Dalalpur, Kunjerhat, Borhanuddin, Bhola"
"Daklapara, Kalakochua Bazar, Burichong, Cumilla","Batiara, Marjal, Kataghat-1630, Raipura, Narsingdi"
"Daklapara, Kalakochua Bazar, Burichong, Cumilla","Chaulia, Rupdia Bazar, Narendrapur, Jashore Sadar, Jashore"
"Daklapara, Kalakochua Bazar, Burichong, Cumilla","Mulaid, Mawna Chouresta, Tangra-1740, Sreepur, Gazipur"
"Daklapara, Kalakochua Bazar, Burichong, Cumilla","Satia Cadet College, Babuganj, Barishal"
"Daklapara, Kalakochua Bazar, Burichong, Cumilla","Brammankanda, Sreeangan, Kotwali, Faridpur"
"Daklapara, Kalakochua Bazar, Burichong, Cumilla","Badarpur, Maokaran-8601, Patuakhali Sadar, Patuakhali"
"Daklapara, Kalakochua Bazar, Burichong, Cumilla","Masjidia Chowdhury Para, Mostafapur, Hadifakirhat 4311, Mirsarai, Chattogram"
"Daklapara, Kalakochua Bazar, Burichong, Cumilla","Keranirdhal, Debottor, Atghoria, Pabna"
"Daklapara, Kalakochua Bazar, Burichong, Cumilla","Mohamadpur (Munsipara), Birampur, Dinajpur"
"Daklapara, Kalakochua Bazar, Burichong, Cumilla","Uttor Jogannathpur, Mostafapur, Moulvibazar Sadar, Moulvibazar"
"Daklapara, Kalakochua Bazar, Burichong, Cumilla","Julnas Pump, Joka, Phukhuria, Ghior, Manikganj"
"Daklapara, Kalakochua Bazar, Burichong, Cumilla","Merigopinathpur, Gopalganj Sadar, Gopalganj"
"Daklapara, Kalakochua Bazar, Burichong, Cumilla","Talukdar Bari, 29Khalishaduli, Baburhat 3602, Chandpur Sadar, Chandpur"
"Daklapara, Kalakochua Bazar, Burichong, Cumilla","Chuknagor, cHUKNAGAR-9252, Dumuria, Khulna"
"Dalalpur, Kunjerhat, Borhanuddin, Bhola","Baneswar, Shibpur, Baneswar-6260, Puthia, Rajshahi"
"Dalalpur, Kunjerhat, Borhanuddin, Bhola","Kolahata, Kalikapur, Haroa, Bonpara, Boraigram, Natore"
"Dalalpur, Kunjerhat, Borhanuddin, Bhola","Doshtika, Noongola-5800, Bogura Sadar, Bogura"
"Dalalpur, Kunjerhat, Borhanuddin, Bhola","Kuchbihar Road, Mahigong, Satmatha, Bottola, Mahiganj, Rangpur"
"Dalalpur, Kunjerhat, Borhanuddin, Bhola","Kumurpur (near Zosna filling station), Birganj, Dinajpur"
"Dalalpur, Kunjerhat, Borhanuddin, Bhola","Thikadar Para, Kale, Belgasha, Khalilgonj, Kurigram"
"Dalalpur, Kunjerhat, Borhanuddin, Bhola","Dhaka Road, Gas Field Chourasta, Shakhipur, Tangail"
"Dalalpur, Kunjerhat, Borhanuddin, Bhola","Digharkanda (Koborsthan Road), Amlitola, Mymensingh Sadar, Mymensingh"
"Dalalpur, Kunjerhat, Borhanuddin, Bhola","Kuchai, Kadamtoli-3100, South Surma, Sylhet"
"Dalalpur, Kunjerhat, Borhanuddin, Bhola","Word-01, College Road, Mirpur Bazar, Bahubal, Habiganj"
"Dalalpur, Kunjerhat, Borhanuddin, Bhola","Daklapara, Kalakochua Bazar, Burichong, Cumilla"
"Dalalpur, Kunjerhat, Borhanuddin, Bhola","Batiara, Marjal, Kataghat-1630, Raipura, Narsingdi"
"Dalalpur, Kunjerhat, Borhanuddin, Bhola","Chaulia, Rupdia Bazar, Narendrapur, Jashore Sadar, Jashore"
"Dalalpur, Kunjerhat, Borhanuddin, Bhola","Mulaid, Mawna Chouresta, Tangra-1740, Sreepur, Gazipur"
"Dalalpur, Kunjerhat, Borhanuddin, Bhola","Satia Cadet College, Babuganj, Barishal"
"Dalalpur, Kunjerhat, Borhanuddin, Bhola","Brammankanda, Sreeangan, Kotwali, Faridpur"
"Dalalpur, Kunjerhat, Borhanuddin, Bhola","Badarpur, Maokaran-8601, Patuakhali Sadar, Patuakhali"
"Dalalpur, Kunjerhat, Borhanuddin, Bhola","Masjidia Chowdhury Para, Mostafapur, Hadifakirhat 4311, Mirsarai, Chattogram"
"Dalalpur, Kunjerhat, Borhanuddin, Bhola","Keranirdhal, Debottor, Atghoria, Pabna"
"Dalalpur, Kunjerhat, Borhanuddin, Bhola","Mohamadpur (Munsipara), Birampur, Dinajpur"
"Dalalpur, Kunjerhat, Borhanuddin, Bhola","Uttor Jogannathpur, Mostafapur, Moulvibazar Sadar, Moulvibazar"
"Dalalpur, Kunjerhat, Borhanuddin, Bhola","Julnas Pump, Joka, Phukhuria, Ghior, Manikganj"
"Dalalpur, Kunjerhat, Borhanuddin, Bhola","Merigopinathpur, Gopalganj Sadar, Gopalganj"
"Dalalpur, Kunjerhat, Borhanuddin, Bhola","Talukdar Bari, 29Khalishaduli, Baburhat 3602, Chandpur Sadar, Chandpur"
"Dalalpur, Kunjerhat, Borhanuddin, Bhola","Chuknagor, cHUKNAGAR-9252, Dumuria, Khulna"
"Batiara, Marjal, Kataghat-1630, Raipura, Narsingdi","Baneswar, Shibpur, Baneswar-6260, Puthia, Rajshahi"
"Batiara, Marjal, Kataghat-1630, Raipura, Narsingdi","Kolahata, Kalikapur, Haroa, Bonpara, Boraigram, Natore"
"Batiara, Marjal, Kataghat-1630, Raipura, Narsingdi","Doshtika, Noongola-5800, Bogura Sadar, Bogura"
"Batiara, Marjal, Kataghat-1630, Raipura, Narsingdi","Kuchbihar Road, Mahigong, Satmatha, Bottola, Mahiganj, Rangpur"
"Batiara, Marjal, Kataghat-1630, Raipura, Narsingdi","Kumurpur (near Zosna filling station), Birganj, Dinajpur"
"Batiara, Marjal, Kataghat-1630, Raipura, Narsingdi","Thikadar Para, Kale, Belgasha, Khalilgonj, Kurigram"
"Batiara, Marjal, Kataghat-1630, Raipura, Narsingdi","Dhaka Road, Gas Field Chourasta, Shakhipur, Tangail"
"Batiara, Marjal, Kataghat-1630, Raipura, Narsingdi","Digharkanda (Koborsthan Road), Amlitola, Mymensingh Sadar, Mymensingh"
"Batiara, Marjal, Kataghat-1630, Raipura, Narsingdi","Kuchai, Kadamtoli-3100, South Surma, Sylhet"
"Batiara, Marjal, Kataghat-1630, Raipura, Narsingdi","Word-01, College Road, Mirpur Bazar, Bahubal, Habiganj"
"Batiara, Marjal, Kataghat-1630, Raipura, Narsingdi","Daklapara, Kalakochua Bazar, Burichong, Cumilla"
"Batiara, Marjal, Kataghat-1630, Raipura, Narsingdi","Dalalpur, Kunjerhat, Borhanuddin, Bhola"
"Batiara, Marjal, Kataghat-1630, Raipura, Narsingdi","Chaulia, Rupdia Bazar, Narendrapur, Jashore Sadar, Jashore"
"Batiara, Marjal, Kataghat-1630, Raipura, Narsingdi","Mulaid, Mawna Chouresta, Tangra-1740, Sreepur, Gazipur"
"Batiara, Marjal, Kataghat-1630, Raipura, Narsingdi","Satia Cadet College, Babuganj, Barishal"
"Batiara, Marjal, Kataghat-1630, Raipura, Narsingdi","Brammankanda, Sreeangan, Kotwali, Faridpur"
"Batiara, Marjal, Kataghat-1630, Raipura, Narsingdi","Badarpur, Maokaran-8601, Patuakhali Sadar, Patuakhali"
"Batiara, Marjal, Kataghat-1630, Raipura, Narsingdi","Masjidia Chowdhury Para, Mostafapur, Hadifakirhat 4311, Mirsarai, Chattogram"
"Batiara, Marjal, Kataghat-1630, Raipura, Narsingdi","Keranirdhal, Debottor, Atghoria, Pabna"
"Batiara, Marjal, Kataghat-1630, Raipura, Narsingdi","Mohamadpur (Munsipara), Birampur, Dinajpur"
"Batiara, Marjal, Kataghat-1630, Raipura, Narsingdi","Uttor Jogannathpur, Mostafapur, Moulvibazar Sadar, Moulvibazar"
"Batiara, Marjal, Kataghat-1630, Raipura, Narsingdi","Julnas Pump, Joka, Phukhuria, Ghior, Manikganj"
"Batiara, Marjal, Kataghat-1630, Raipura, Narsingdi","Merigopinathpur, Gopalganj Sadar, Gopalganj"
"Batiara, Marjal, Kataghat-1630, Raipura, Narsingdi","Talukdar Bari, 29Khalishaduli, Baburhat 3602, Chandpur Sadar, Chandpur"
"Batiara, Marjal, Kataghat-1630, Raipura, Narsingdi","Chuknagor, cHUKNAGAR-9252, Dumuria, Khulna"
"Chaulia, Rupdia Bazar, Narendrapur, Jashore Sadar, Jashore","Baneswar, Shibpur, Baneswar-6260, Puthia, Rajshahi"
"Chaulia, Rupdia Bazar, Narendrapur, Jashore Sadar, Jashore","Kolahata, Kalikapur, Haroa, Bonpara, Boraigram, Natore"
"Chaulia, Rupdia Bazar, Narendrapur, Jashore Sadar, Jashore","Doshtika, Noongola-5800, Bogura Sadar, Bogura"
"Chaulia, Rupdia Bazar, Narendrapur, Jashore Sadar, Jashore","Kuchbihar Road, Mahigong, Satmatha, Bottola, Mahiganj, Rangpur"
"Chaulia, Rupdia Bazar, Narendrapur, Jashore Sadar, Jashore","Kumurpur (near Zosna filling station), Birganj, Dinajpur"
"Chaulia, Rupdia Bazar, Narendrapur, Jashore Sadar, Jashore","Thikadar Para, Kale, Belgasha, Khalilgonj, Kurigram"
"Chaulia, Rupdia Bazar, Narendrapur, Jashore Sadar, Jashore","Dhaka Road, Gas Field Chourasta, Shakhipur, Tangail"
"Chaulia, Rupdia Bazar, Narendrapur, Jashore Sadar, Jashore","Digharkanda (Koborsthan Road), Amlitola, Mymensingh Sadar, Mymensingh"
"Chaulia, Rupdia Bazar, Narendrapur, Jashore Sadar, Jashore","Kuchai, Kadamtoli-3100, South Surma, Sylhet"
"Chaulia, Rupdia Bazar, Narendrapur, Jashore Sadar, Jashore","Word-01, College Road, Mirpur Bazar, Bahubal, Habiganj"
"Chaulia, Rupdia Bazar, Narendrapur, Jashore Sadar, Jashore","Daklapara, Kalakochua Bazar, Burichong, Cumilla"
"Chaulia, Rupdia Bazar, Narendrapur, Jashore Sadar, Jashore","Dalalpur, Kunjerhat, Borhanuddin, Bhola"
"Chaulia, Rupdia Bazar, Narendrapur, Jashore Sadar, Jashore","Batiara, Marjal, Kataghat-1630, Raipura, Narsingdi"
"Chaulia, Rupdia Bazar, Narendrapur, Jashore Sadar, Jashore","Mulaid, Mawna Chouresta, Tangra-1740, Sreepur, Gazipur"
"Chaulia, Rupdia Bazar, Narendrapur, Jashore Sadar, Jashore","Satia Cadet College, Babuganj, Barishal"
"Chaulia, Rupdia Bazar, Narendrapur, Jashore Sadar, Jashore","Brammankanda, Sreeangan, Kotwali, Faridpur"
"Chaulia, Rupdia Bazar, Narendrapur, Jashore Sadar, Jashore","Badarpur, Maokaran-8601, Patuakhali Sadar, Patuakhali"
"Chaulia, Rupdia Bazar, Narendrapur, Jashore Sadar, Jashore","Masjidia Chowdhury Para, Mostafapur, Hadifakirhat 4311, Mirsarai, Chattogram"
"Chaulia, Rupdia Bazar, Narendrapur, Jashore Sadar, Jashore","Keranirdhal, Debottor, Atghoria, Pabna"
"Chaulia, Rupdia Bazar, Narendrapur, Jashore Sadar, Jashore","Mohamadpur (Munsipara), Birampur, Dinajpur"
"Chaulia, Rupdia Bazar, Narendrapur, Jashore Sadar, Jashore","Uttor Jogannathpur, Mostafapur, Moulvibazar Sadar, Moulvibazar"
"Chaulia, Rupdia Bazar, Narendrapur, Jashore Sadar, Jashore","Julnas Pump, Joka, Phukhuria, Ghior, Manikganj"
"Chaulia, Rupdia Bazar, Narendrapur, Jashore Sadar, Jashore","Merigopinathpur, Gopalganj Sadar, Gopalganj"
"Chaulia, Rupdia Bazar, Narendrapur, Jashore Sadar, Jashore","Talukdar Bari, 29Khalishaduli, Baburhat 3602, Chandpur Sadar, Chandpur"
"Chaulia, Rupdia Bazar, Narendrapur, Jashore Sadar, Jashore","Chuknagor, cHUKNAGAR-9252, Dumuria, Khulna"
"Mulaid, Mawna Chouresta, Tangra-1740, Sreepur, Gazipur","Baneswar, Shibpur, Baneswar-6260, Puthia, Rajshahi"
"Mulaid, Mawna Chouresta, Tangra-1740, Sreepur, Gazipur","Kolahata, Kalikapur, Haroa, Bonpara, Boraigram, Natore"
"Mulaid, Mawna Chouresta, Tangra-1740, Sreepur, Gazipur","Doshtika, Noongola-5800, Bogura Sadar, Bogura"
"Mulaid, Mawna Chouresta, Tangra-1740, Sreepur, Gazipur","Kuchbihar Road, Mahigong, Satmatha, Bottola, Mahiganj, Rangpur"
"Mulaid, Mawna Chouresta, Tangra-1740, Sreepur, Gazipur","Kumurpur (near Zosna filling station), Birganj, Dinajpur"
"Mulaid, Mawna Chouresta, Tangra-1740, Sreepur, Gazipur","Thikadar Para, Kale, Belgasha, Khalilgonj, Kurigram"
"Mulaid, Mawna Chouresta, Tangra-1740, Sreepur, Gazipur","Dhaka Road, Gas Field Chourasta, Shakhipur, Tangail"
"Mulaid, Mawna Chouresta, Tangra-1740, Sreepur, Gazipur","Digharkanda (Koborsthan Road), Amlitola, Mymensingh Sadar, Mymensingh"
"Mulaid, Mawna Chouresta, Tangra-1740, Sreepur, Gazipur","Kuchai, Kadamtoli-3100, South Surma, Sylhet"
"Mulaid, Mawna Chouresta, Tangra-1740, Sreepur, Gazipur","Word-01, College Road, Mirpur Bazar, Bahubal, Habiganj"
"Mulaid, Mawna Chouresta, Tangra-1740, Sreepur, Gazipur","Daklapara, Kalakochua Bazar, Burichong, Cumilla"
"Mulaid, Mawna Chouresta, Tangra-1740, Sreepur, Gazipur","Dalalpur, Kunjerhat, Borhanuddin, Bhola"
"Mulaid, Mawna Chouresta, Tangra-1740, Sreepur, Gazipur","Batiara, Marjal, Kataghat-1630, Raipura, Narsingdi"
"Mulaid, Mawna Chouresta, Tangra-1740, Sreepur, Gazipur","Chaulia, Rupdia Bazar, Narendrapur, Jashore Sadar, Jashore"
"Mulaid, Mawna Chouresta, Tangra-1740, Sreepur, Gazipur","Satia Cadet College, Babuganj, Barishal"
"Mulaid, Mawna Chouresta, Tangra-1740, Sreepur, Gazipur","Brammankanda, Sreeangan, Kotwali, Faridpur"
"Mulaid, Mawna Chouresta, Tangra-1740, Sreepur, Gazipur","Badarpur, Maokaran-8601, Patuakhali Sadar, Patuakhali"
"Mulaid, Mawna Chouresta, Tangra-1740, Sreepur, Gazipur","Masjidia Chowdhury Para, Mostafapur, Hadifakirhat 4311, Mirsarai, Chattogram"
"Mulaid, Mawna Chouresta, Tangra-1740, Sreepur, Gazipur","Keranirdhal, Debottor, Atghoria, Pabna"
"Mulaid, Mawna Chouresta, Tangra-1740, Sreepur, Gazipur","Mohamadpur (Munsipara), Birampur, Dinajpur"
"Mulaid, Mawna Chouresta, Tangra-1740, Sreepur, Gazipur","Uttor Jogannathpur, Mostafapur, Moulvibazar Sadar, Moulvibazar"
"Mulaid, Mawna Chouresta, Tangra-1740, Sreepur, Gazipur","Julnas Pump, Joka, Phukhuria, Ghior, Manikganj"
"Mulaid, Mawna Chouresta, Tangra-1740, Sreepur, Gazipur","Merigopinathpur, Gopalganj Sadar, Gopalganj"
"Mulaid, Mawna Chouresta, Tangra-1740, Sreepur, Gazipur","Talukdar Bari, 29Khalishaduli, Baburhat 3602, Chandpur Sadar, Chandpur"
"Mulaid, Mawna Chouresta, Tangra-1740, Sreepur, Gazipur","Chuknagor, cHUKNAGAR-9252, Dumuria, Khulna"
"Satia Cadet College, Babuganj, Barishal","Baneswar, Shibpur, Baneswar-6260, Puthia, Rajshahi"
"Satia Cadet College, Babuganj, Barishal","Kolahata, Kalikapur, Haroa, Bonpara, Boraigram, Natore"
"Satia Cadet College, Babuganj, Barishal","Doshtika, Noongola-5800, Bogura Sadar, Bogura"
"Satia Cadet College, Babuganj, Barishal","Kuchbihar Road, Mahigong, Satmatha, Bottola, Mahiganj, Rangpur"
"Satia Cadet College, Babuganj, Barishal","Kumurpur (near Zosna filling station), Birganj, Dinajpur"
"Satia Cadet College, Babuganj, Barishal","Thikadar Para, Kale, Belgasha, Khalilgonj, Kurigram"
"Satia Cadet College, Babuganj, Barishal","Dhaka Road, Gas Field Chourasta, Shakhipur, Tangail"
"Satia Cadet College, Babuganj, Barishal","Digharkanda (Koborsthan Road), Amlitola, Mymensingh Sadar, Mymensingh"
"Satia Cadet College, Babuganj, Barishal","Kuchai, Kadamtoli-3100, South Surma, Sylhet"
"Satia Cadet College, Babuganj, Barishal","Word-01, College Road, Mirpur Bazar, Bahubal, Habiganj"
"Satia Cadet College, Babuganj, Barishal","Daklapara, Kalakochua Bazar, Burichong, Cumilla"
"Satia Cadet College, Babuganj, Barishal","Dalalpur, Kunjerhat, Borhanuddin, Bhola"
"Satia Cadet College, Babuganj, Barishal","Batiara, Marjal, Kataghat-1630, Raipura, Narsingdi"
"Satia Cadet College, Babuganj, Barishal","Chaulia, Rupdia Bazar, Narendrapur, Jashore Sadar, Jashore"
"Satia Cadet College, Babuganj, Barishal","Mulaid, Mawna Chouresta, Tangra-1740, Sreepur, Gazipur"
"Satia Cadet College, Babuganj, Barishal","Brammankanda, Sreeangan, Kotwali, Faridpur"
"Satia Cadet College, Babuganj, Barishal","Badarpur, Maokaran-8601, Patuakhali Sadar, Patuakhali"
"Satia Cadet College, Babuganj, Barishal","Masjidia Chowdhury Para, Mostafapur, Hadifakirhat 4311, Mirsarai, Chattogram"
"Satia Cadet College, Babuganj, Barishal","Keranirdhal, Debottor, Atghoria, Pabna"
"Satia Cadet College, Babuganj, Barishal","Mohamadpur (Munsipara), Birampur, Dinajpur"
"Satia Cadet College, Babuganj, Barishal","Uttor Jogannathpur, Mostafapur, Moulvibazar Sadar, Moulvibazar"
"Satia Cadet College, Babuganj, Barishal","Julnas Pump, Joka, Phukhuria, Ghior, Manikganj"
"Satia Cadet College, Babuganj, Barishal","Merigopinathpur, Gopalganj Sadar, Gopalganj"
"Satia Cadet College, Babuganj, Barishal","Talukdar Bari, 29Khalishaduli, Baburhat 3602, Chandpur Sadar, Chandpur"
"Satia Cadet College, Babuganj, Barishal","Chuknagor, cHUKNAGAR-9252, Dumuria, Khulna"
"Brammankanda, Sreeangan, Kotwali, Faridpur","Baneswar, Shibpur, Baneswar-6260, Puthia, Rajshahi"
"Brammankanda, Sreeangan, Kotwali, Faridpur","Kolahata, Kalikapur, Haroa, Bonpara, Boraigram, Natore"
"Brammankanda, Sreeangan, Kotwali, Faridpur","Doshtika, Noongola-5800, Bogura Sadar, Bogura"
"Brammankanda, Sreeangan, Kotwali, Faridpur","Kuchbihar Road, Mahigong, Satmatha, Bottola, Mahiganj, Rangpur"
"Brammankanda, Sreeangan, Kotwali, Faridpur","Kumurpur (near Zosna filling station), Birganj, Dinajpur"
"Brammankanda, Sreeangan, Kotwali, Faridpur","Thikadar Para, Kale, Belgasha, Khalilgonj, Kurigram"
"Brammankanda, Sreeangan, Kotwali, Faridpur","Dhaka Road, Gas Field Chourasta, Shakhipur, Tangail"
"Brammankanda, Sreeangan, Kotwali, Faridpur","Digharkanda (Koborsthan Road), Amlitola, Mymensingh Sadar, Mymensingh"
"Brammankanda, Sreeangan, Kotwali, Faridpur","Kuchai, Kadamtoli-3100, South Surma, Sylhet"
"Brammankanda, Sreeangan, Kotwali, Faridpur","Word-01, College Road, Mirpur Bazar, Bahubal, Habiganj"
"Brammankanda, Sreeangan, Kotwali, Faridpur","Daklapara, Kalakochua Bazar, Burichong, Cumilla"
"Brammankanda, Sreeangan, Kotwali, Faridpur","Dalalpur, Kunjerhat, Borhanuddin, Bhola"
"Brammankanda, Sreeangan, Kotwali, Faridpur","Batiara, Marjal, Kataghat-1630, Raipura, Narsingdi"
"Brammankanda, Sreeangan, Kotwali, Faridpur","Chaulia, Rupdia Bazar, Narendrapur, Jashore Sadar, Jashore"
"Brammankanda, Sreeangan, Kotwali, Faridpur","Mulaid, Mawna Chouresta, Tangra-1740, Sreepur, Gazipur"
"Brammankanda, Sreeangan, Kotwali, Faridpur","Satia Cadet College, Babuganj, Barishal"
"Brammankanda, Sreeangan, Kotwali, Faridpur","Badarpur, Maokaran-8601, Patuakhali Sadar, Patuakhali"
"Brammankanda, Sreeangan, Kotwali, Faridpur","Masjidia Chowdhury Para, Mostafapur, Hadifakirhat 4311, Mirsarai, Chattogram"
"Brammankanda, Sreeangan, Kotwali, Faridpur","Keranirdhal, Debottor, Atghoria, Pabna"
"Brammankanda, Sreeangan, Kotwali, Faridpur","Mohamadpur (Munsipara), Birampur, Dinajpur"
"Brammankanda, Sreeangan, Kotwali, Faridpur","Uttor Jogannathpur, Mostafapur, Moulvibazar Sadar, Moulvibazar"
"Brammankanda, Sreeangan, Kotwali, Faridpur","Julnas Pump, Joka, Phukhuria, Ghior, Manikganj"
"Brammankanda, Sreeangan, Kotwali, Faridpur","Merigopinathpur, Gopalganj Sadar, Gopalganj"
"Brammankanda, Sreeangan, Kotwali, Faridpur","Talukdar Bari, 29Khalishaduli, Baburhat 3602, Chandpur Sadar, Chandpur"
"Brammankanda, Sreeangan, Kotwali, Faridpur","Chuknagor, cHUKNAGAR-9252, Dumuria, Khulna"
"Badarpur, Maokaran-8601, Patuakhali Sadar, Patuakhali","Baneswar, Shibpur, Baneswar-6260, Puthia, Rajshahi"
"Badarpur, Maokaran-8601, Patuakhali Sadar, Patuakhali","Kolahata, Kalikapur, Haroa, Bonpara, Boraigram, Natore"
"Badarpur, Maokaran-8601, Patuakhali Sadar, Patuakhali","Doshtika, Noongola-5800, Bogura Sadar, Bogura"
"Badarpur, Maokaran-8601, Patuakhali Sadar, Patuakhali","Kuchbihar Road, Mahigong, Satmatha, Bottola, Mahiganj, Rangpur"
"Badarpur, Maokaran-8601, Patuakhali Sadar, Patuakhali","Kumurpur (near Zosna filling station), Birganj, Dinajpur"
"Badarpur, Maokaran-8601, Patuakhali Sadar, Patuakhali","Thikadar Para, Kale, Belgasha, Khalilgonj, Kurigram"
"Badarpur, Maokaran-8601, Patuakhali Sadar, Patuakhali","Dhaka Road, Gas Field Chourasta, Shakhipur, Tangail"
"Badarpur, Maokaran-8601, Patuakhali Sadar, Patuakhali","Digharkanda (Koborsthan Road), Amlitola, Mymensingh Sadar, Mymensingh"
"Badarpur, Maokaran-8601, Patuakhali Sadar, Patuakhali","Kuchai, Kadamtoli-3100, South Surma, Sylhet"
"Badarpur, Maokaran-8601, Patuakhali Sadar, Patuakhali","Word-01, College Road, Mirpur Bazar, Bahubal, Habiganj"
"Badarpur, Maokaran-8601, Patuakhali Sadar, Patuakhali","Daklapara, Kalakochua Bazar, Burichong, Cumilla"
"Badarpur, Maokaran-8601, Patuakhali Sadar, Patuakhali","Dalalpur, Kunjerhat, Borhanuddin, Bhola"
"Badarpur, Maokaran-8601, Patuakhali Sadar, Patuakhali","Batiara, Marjal, Kataghat-1630, Raipura, Narsingdi"
"Badarpur, Maokaran-8601, Patuakhali Sadar, Patuakhali","Chaulia, Rupdia Bazar, Narendrapur, Jashore Sadar, Jashore"
"Badarpur, Maokaran-8601, Patuakhali Sadar, Patuakhali","Mulaid, Mawna Chouresta, Tangra-1740, Sreepur, Gazipur"
"Badarpur, Maokaran-8601, Patuakhali Sadar, Patuakhali","Satia Cadet College, Babuganj, Barishal"
"Badarpur, Maokaran-8601, Patuakhali Sadar, Patuakhali","Brammankanda, Sreeangan, Kotwali, Faridpur"
"Badarpur, Maokaran-8601, Patuakhali Sadar, Patuakhali","Masjidia Chowdhury Para, Mostafapur, Hadifakirhat 4311, Mirsarai, Chattogram"
"Badarpur, Maokaran-8601, Patuakhali Sadar, Patuakhali","Keranirdhal, Debottor, Atghoria, Pabna"
"Badarpur, Maokaran-8601, Patuakhali Sadar, Patuakhali","Mohamadpur (Munsipara), Birampur, Dinajpur"
"Badarpur, Maokaran-8601, Patuakhali Sadar, Patuakhali","Uttor Jogannathpur, Mostafapur, Moulvibazar Sadar, Moulvibazar"
"Badarpur, Maokaran-8601, Patuakhali Sadar, Patuakhali","Julnas Pump, Joka, Phukhuria, Ghior, Manikganj"
"Badarpur, Maokaran-8601, Patuakhali Sadar, Patuakhali","Merigopinathpur, Gopalganj Sadar, Gopalganj"
"Badarpur, Maokaran-8601, Patuakhali Sadar, Patuakhali","Talukdar Bari, 29Khalishaduli, Baburhat 3602, Chandpur Sadar, Chandpur"
"Badarpur, Maokaran-8601, Patuakhali Sadar, Patuakhali","Chuknagor, cHUKNAGAR-9252, Dumuria, Khulna"
"Masjidia Chowdhury Para, Mostafapur, Hadifakirhat 4311, Mirsarai, Chattogram","Baneswar, Shibpur, Baneswar-6260, Puthia, Rajshahi"
"Masjidia Chowdhury Para, Mostafapur, Hadifakirhat 4311, Mirsarai, Chattogram","Kolahata, Kalikapur, Haroa, Bonpara, Boraigram, Natore"
"Masjidia Chowdhury Para, Mostafapur, Hadifakirhat 4311, Mirsarai, Chattogram","Doshtika, Noongola-5800, Bogura Sadar, Bogura"
"Masjidia Chowdhury Para, Mostafapur, Hadifakirhat 4311, Mirsarai, Chattogram","Kuchbihar Road, Mahigong, Satmatha, Bottola, Mahiganj, Rangpur"
"Masjidia Chowdhury Para, Mostafapur, Hadifakirhat 4311, Mirsarai, Chattogram","Kumurpur (near Zosna filling station), Birganj, Dinajpur"
"Masjidia Chowdhury Para, Mostafapur, Hadifakirhat 4311, Mirsarai, Chattogram","Thikadar Para, Kale, Belgasha, Khalilgonj, Kurigram"
"Masjidia Chowdhury Para, Mostafapur, Hadifakirhat 4311, Mirsarai, Chattogram","Dhaka Road, Gas Field Chourasta, Shakhipur, Tangail"
"Masjidia Chowdhury Para, Mostafapur, Hadifakirhat 4311, Mirsarai, Chattogram","Digharkanda (Koborsthan Road), Amlitola, Mymensingh Sadar, Mymensingh"
"Masjidia Chowdhury Para, Mostafapur, Hadifakirhat 4311, Mirsarai, Chattogram","Kuchai, Kadamtoli-3100, South Surma, Sylhet"
"Masjidia Chowdhury Para, Mostafapur, Hadifakirhat 4311, Mirsarai, Chattogram","Word-01, College Road, Mirpur Bazar, Bahubal, Habiganj"
"Masjidia Chowdhury Para, Mostafapur, Hadifakirhat 4311, Mirsarai, Chattogram","Daklapara, Kalakochua Bazar, Burichong, Cumilla"
"Masjidia Chowdhury Para, Mostafapur, Hadifakirhat 4311, Mirsarai, Chattogram","Dalalpur, Kunjerhat, Borhanuddin, Bhola"
"Masjidia Chowdhury Para, Mostafapur, Hadifakirhat 4311, Mirsarai, Chattogram","Batiara, Marjal, Kataghat-1630, Raipura, Narsingdi"
"Masjidia Chowdhury Para, Mostafapur, Hadifakirhat 4311, Mirsarai, Chattogram","Chaulia, Rupdia Bazar, Narendrapur, Jashore Sadar, Jashore"
"Masjidia Chowdhury Para, Mostafapur, Hadifakirhat 4311, Mirsarai, Chattogram","Mulaid, Mawna Chouresta, Tangra-1740, Sreepur, Gazipur"
"Masjidia Chowdhury Para, Mostafapur, Hadifakirhat 4311, Mirsarai, Chattogram","Satia Cadet College, Babuganj, Barishal"
"Masjidia Chowdhury Para, Mostafapur, Hadifakirhat 4311, Mirsarai, Chattogram","Brammankanda, Sreeangan, Kotwali, Faridpur"
"Masjidia Chowdhury Para, Mostafapur, Hadifakirhat 4311, Mirsarai, Chattogram","Badarpur, Maokaran-8601, Patuakhali Sadar, Patuakhali"
"Masjidia Chowdhury Para, Mostafapur, Hadifakirhat 4311, Mirsarai, Chattogram","Keranirdhal, Debottor, Atghoria, Pabna"
"Masjidia Chowdhury Para, Mostafapur, Hadifakirhat 4311, Mirsarai, Chattogram","Mohamadpur (Munsipara), Birampur, Dinajpur"
"Masjidia Chowdhury Para, Mostafapur, Hadifakirhat 4311, Mirsarai, Chattogram","Uttor Jogannathpur, Mostafapur, Moulvibazar Sadar, Moulvibazar"
"Masjidia Chowdhury Para, Mostafapur, Hadifakirhat 4311, Mirsarai, Chattogram","Julnas Pump, Joka, Phukhuria, Ghior, Manikganj"
"Masjidia Chowdhury Para, Mostafapur, Hadifakirhat 4311, Mirsarai, Chattogram","Merigopinathpur, Gopalganj Sadar, Gopalganj"
"Masjidia Chowdhury Para, Mostafapur, Hadifakirhat 4311, Mirsarai, Chattogram","Talukdar Bari, 29Khalishaduli, Baburhat 3602, Chandpur Sadar, Chandpur"
"Masjidia Chowdhury Para, Mostafapur, Hadifakirhat 4311, Mirsarai, Chattogram","Chuknagor, cHUKNAGAR-9252, Dumuria, Khulna"
"Keranirdhal, Debottor, Atghoria, Pabna","Baneswar, Shibpur, Baneswar-6260, Puthia, Rajshahi"
"Keranirdhal, Debottor, Atghoria, Pabna","Kolahata, Kalikapur, Haroa, Bonpara, Boraigram, Natore"
"Keranirdhal, Debottor, Atghoria, Pabna","Doshtika, Noongola-5800, Bogura Sadar, Bogura"
"Keranirdhal, Debottor, Atghoria, Pabna","Kuchbihar Road, Mahigong, Satmatha, Bottola, Mahiganj, Rangpur"
"Keranirdhal, Debottor, Atghoria, Pabna","Kumurpur (near Zosna filling station), Birganj, Dinajpur"
"Keranirdhal, Debottor, Atghoria, Pabna","Thikadar Para, Kale, Belgasha, Khalilgonj, Kurigram"
"Keranirdhal, Debottor, Atghoria, Pabna","Dhaka Road, Gas Field Chourasta, Shakhipur, Tangail"
"Keranirdhal, Debottor, Atghoria, Pabna","Digharkanda (Koborsthan Road), Amlitola, Mymensingh Sadar, Mymensingh"
"Keranirdhal, Debottor, Atghoria, Pabna","Kuchai, Kadamtoli-3100, South Surma, Sylhet"
"Keranirdhal, Debottor, Atghoria, Pabna","Word-01, College Road, Mirpur Bazar, Bahubal, Habiganj"
"Keranirdhal, Debottor, Atghoria, Pabna","Daklapara, Kalakochua Bazar, Burichong, Cumilla"
"Keranirdhal, Debottor, Atghoria, Pabna","Dalalpur, Kunjerhat, Borhanuddin, Bhola"
"Keranirdhal, Debottor, Atghoria, Pabna","Batiara, Marjal, Kataghat-1630, Raipura, Narsingdi"
"Keranirdhal, Debottor, Atghoria, Pabna","Chaulia, Rupdia Bazar, Narendrapur, Jashore Sadar, Jashore"
"Keranirdhal, Debottor, Atghoria, Pabna","Mulaid, Mawna Chouresta, Tangra-1740, Sreepur, Gazipur"
"Keranirdhal, Debottor, Atghoria, Pabna","Satia Cadet College, Babuganj, Barishal"
"Keranirdhal, Debottor, Atghoria, Pabna","Brammankanda, Sreeangan, Kotwali, Faridpur"
"Keranirdhal, Debottor, Atghoria, Pabna","Badarpur, Maokaran-8601, Patuakhali Sadar, Patuakhali"
"Keranirdhal, Debottor, Atghoria, Pabna","Masjidia Chowdhury Para, Mostafapur, Hadifakirhat 4311, Mirsarai, Chattogram"
"Keranirdhal, Debottor, Atghoria, Pabna","Mohamadpur (Munsipara), Birampur, Dinajpur"
"Keranirdhal, Debottor, Atghoria, Pabna","Uttor Jogannathpur, Mostafapur, Moulvibazar Sadar, Moulvibazar"
"Keranirdhal, Debottor, Atghoria, Pabna","Julnas Pump, Joka, Phukhuria, Ghior, Manikganj"
"Keranirdhal, Debottor, Atghoria, Pabna","Merigopinathpur, Gopalganj Sadar, Gopalganj"
"Keranirdhal, Debottor, Atghoria, Pabna","Talukdar Bari, 29Khalishaduli, Baburhat 3602, Chandpur Sadar, Chandpur"
"Keranirdhal, Debottor, Atghoria, Pabna","Chuknagor, cHUKNAGAR-9252, Dumuria, Khulna"
"Mohamadpur (Munsipara), Birampur, Dinajpur","Baneswar, Shibpur, Baneswar-6260, Puthia, Rajshahi"
"Mohamadpur (Munsipara), Birampur, Dinajpur","Kolahata, Kalikapur, Haroa, Bonpara, Boraigram, Natore"
"Mohamadpur (Munsipara), Birampur, Dinajpur","Doshtika, Noongola-5800, Bogura Sadar, Bogura"
"Mohamadpur (Munsipara), Birampur, Dinajpur","Kuchbihar Road, Mahigong, Satmatha, Bottola, Mahiganj, Rangpur"
"Mohamadpur (Munsipara), Birampur, Dinajpur","Kumurpur (near Zosna filling station), Birganj, Dinajpur"
"Mohamadpur (Munsipara), Birampur, Dinajpur","Thikadar Para, Kale, Belgasha, Khalilgonj, Kurigram"
"Mohamadpur (Munsipara), Birampur, Dinajpur","Dhaka Road, Gas Field Chourasta, Shakhipur, Tangail"
"Mohamadpur (Munsipara), Birampur, Dinajpur","Digharkanda (Koborsthan Road), Amlitola, Mymensingh Sadar, Mymensingh"
"Mohamadpur (Munsipara), Birampur, Dinajpur","Kuchai, Kadamtoli-3100, South Surma, Sylhet"
"Mohamadpur (Munsipara), Birampur, Dinajpur","Word-01, College Road, Mirpur Bazar, Bahubal, Habiganj"
"Mohamadpur (Munsipara), Birampur, Dinajpur","Daklapara, Kalakochua Bazar, Burichong, Cumilla"
"Mohamadpur (Munsipara), Birampur, Dinajpur","Dalalpur, Kunjerhat, Borhanuddin, Bhola"
"Mohamadpur (Munsipara), Birampur, Dinajpur","Batiara, Marjal, Kataghat-1630, Raipura, Narsingdi"
"Mohamadpur (Munsipara), Birampur, Dinajpur","Chaulia, Rupdia Bazar, Narendrapur, Jashore Sadar, Jashore"
"Mohamadpur (Munsipara), Birampur, Dinajpur","Mulaid, Mawna Chouresta, Tangra-1740, Sreepur, Gazipur"
"Mohamadpur (Munsipara), Birampur, Dinajpur","Satia Cadet College, Babuganj, Barishal"
"Mohamadpur (Munsipara), Birampur, Dinajpur","Brammankanda, Sreeangan, Kotwali, Faridpur"
"Mohamadpur (Munsipara), Birampur, Dinajpur","Badarpur, Maokaran-8601, Patuakhali Sadar, Patuakhali"
"Mohamadpur (Munsipara), Birampur, Dinajpur","Masjidia Chowdhury Para, Mostafapur, Hadifakirhat 4311, Mirsarai, Chattogram"
"Mohamadpur (Munsipara), Birampur, Dinajpur","Keranirdhal, Debottor, Atghoria, Pabna"
"Mohamadpur (Munsipara), Birampur, Dinajpur","Uttor Jogannathpur, Mostafapur, Moulvibazar Sadar, Moulvibazar"
"Mohamadpur (Munsipara), Birampur, Dinajpur","Julnas Pump, Joka, Phukhuria, Ghior, Manikganj"
"Mohamadpur (Munsipara), Birampur, Dinajpur","Merigopinathpur, Gopalganj Sadar, Gopalganj"
"Mohamadpur (Munsipara), Birampur, Dinajpur","Talukdar Bari, 29Khalishaduli, Baburhat 3602, Chandpur Sadar, Chandpur"
"Mohamadpur (Munsipara), Birampur, Dinajpur","Chuknagor, cHUKNAGAR-9252, Dumuria, Khulna"
"Uttor Jogannathpur, Mostafapur, Moulvibazar Sadar, Moulvibazar","Baneswar, Shibpur, Baneswar-6260, Puthia, Rajshahi"
"Uttor Jogannathpur, Mostafapur, Moulvibazar Sadar, Moulvibazar","Kolahata, Kalikapur, Haroa, Bonpara, Boraigram, Natore"
"Uttor Jogannathpur, Mostafapur, Moulvibazar Sadar, Moulvibazar","Doshtika, Noongola-5800, Bogura Sadar, Bogura"
"Uttor Jogannathpur, Mostafapur, Moulvibazar Sadar, Moulvibazar","Kuchbihar Road, Mahigong, Satmatha, Bottola, Mahiganj, Rangpur"
"Uttor Jogannathpur, Mostafapur, Moulvibazar Sadar, Moulvibazar","Kumurpur (near Zosna filling station), Birganj, Dinajpur"
"Uttor Jogannathpur, Mostafapur, Moulvibazar Sadar, Moulvibazar","Thikadar Para, Kale, Belgasha, Khalilgonj, Kurigram"
"Uttor Jogannathpur, Mostafapur, Moulvibazar Sadar, Moulvibazar","Dhaka Road, Gas Field Chourasta, Shakhipur, Tangail"
"Uttor Jogannathpur, Mostafapur, Moulvibazar Sadar, Moulvibazar","Digharkanda (Koborsthan Road), Amlitola, Mymensingh Sadar, Mymensingh"
"Uttor Jogannathpur, Mostafapur, Moulvibazar Sadar, Moulvibazar","Kuchai, Kadamtoli-3100, South Surma, Sylhet"
"Uttor Jogannathpur, Mostafapur, Moulvibazar Sadar, Moulvibazar","Word-01, College Road, Mirpur Bazar, Bahubal, Habiganj"
"Uttor Jogannathpur, Mostafapur, Moulvibazar Sadar, Moulvibazar","Daklapara, Kalakochua Bazar, Burichong, Cumilla"
"Uttor Jogannathpur, Mostafapur, Moulvibazar Sadar, Moulvibazar","Dalalpur, Kunjerhat, Borhanuddin, Bhola"
"Uttor Jogannathpur, Mostafapur, Moulvibazar Sadar, Moulvibazar","Batiara, Marjal, Kataghat-1630, Raipura, Narsingdi"
"Uttor Jogannathpur, Mostafapur, Moulvibazar Sadar, Moulvibazar","Chaulia, Rupdia Bazar, Narendrapur, Jashore Sadar, Jashore"
"Uttor Jogannathpur, Mostafapur, Moulvibazar Sadar, Moulvibazar","Mulaid, Mawna Chouresta, Tangra-1740, Sreepur, Gazipur"
"Uttor Jogannathpur, Mostafapur, Moulvibazar Sadar, Moulvibazar","Satia Cadet College, Babuganj, Barishal"
"Uttor Jogannathpur, Mostafapur, Moulvibazar Sadar, Moulvibazar","Brammankanda, Sreeangan, Kotwali, Faridpur"
"Uttor Jogannathpur, Mostafapur, Moulvibazar Sadar, Moulvibazar","Badarpur, Maokaran-8601, Patuakhali Sadar, Patuakhali"
"Uttor Jogannathpur, Mostafapur, Moulvibazar Sadar, Moulvibazar","Masjidia Chowdhury Para, Mostafapur, Hadifakirhat 4311, Mirsarai, Chattogram"
"Uttor Jogannathpur, Mostafapur, Moulvibazar Sadar, Moulvibazar","Keranirdhal, Debottor, Atghoria, Pabna"
"Uttor Jogannathpur, Mostafapur, Moulvibazar Sadar, Moulvibazar","Mohamadpur (Munsipara), Birampur, Dinajpur"
"Uttor Jogannathpur, Mostafapur, Moulvibazar Sadar, Moulvibazar","Julnas Pump, Joka, Phukhuria, Ghior, Manikganj"
"Uttor Jogannathpur, Mostafapur, Moulvibazar Sadar, Moulvibazar","Merigopinathpur, Gopalganj Sadar, Gopalganj"
"Uttor Jogannathpur, Mostafapur, Moulvibazar Sadar, Moulvibazar","Talukdar Bari, 29Khalishaduli, Baburhat 3602, Chandpur Sadar, Chandpur"
"Uttor Jogannathpur, Mostafapur, Moulvibazar Sadar, Moulvibazar","Chuknagor, cHUKNAGAR-9252, Dumuria, Khulna"
"Julnas Pump, Joka, Phukhuria, Ghior, Manikganj","Baneswar, Shibpur, Baneswar-6260, Puthia, Rajshahi"
"Julnas Pump, Joka, Phukhuria, Ghior, Manikganj","Kolahata, Kalikapur, Haroa, Bonpara, Boraigram, Natore"
"Julnas Pump, Joka, Phukhuria, Ghior, Manikganj","Doshtika, Noongola-5800, Bogura Sadar, Bogura"
"Julnas Pump, Joka, Phukhuria, Ghior, Manikganj","Kuchbihar Road, Mahigong, Satmatha, Bottola, Mahiganj, Rangpur"
"Julnas Pump, Joka, Phukhuria, Ghior, Manikganj","Kumurpur (near Zosna filling station), Birganj, Dinajpur"
"Julnas Pump, Joka, Phukhuria, Ghior, Manikganj","Thikadar Para, Kale, Belgasha, Khalilgonj, Kurigram"
"Julnas Pump, Joka, Phukhuria, Ghior, Manikganj","Dhaka Road, Gas Field Chourasta, Shakhipur, Tangail"
"Julnas Pump, Joka, Phukhuria, Ghior, Manikganj","Digharkanda (Koborsthan Road), Amlitola, Mymensingh Sadar, Mymensingh"
"Julnas Pump, Joka, Phukhuria, Ghior, Manikganj","Kuchai, Kadamtoli-3100, South Surma, Sylhet"
"Julnas Pump, Joka, Phukhuria, Ghior, Manikganj","Word-01, College Road, Mirpur Bazar, Bahubal, Habiganj"
"Julnas Pump, Joka, Phukhuria, Ghior, Manikganj","Daklapara, Kalakochua Bazar, Burichong, Cumilla"
"Julnas Pump, Joka, Phukhuria, Ghior, Manikganj","Dalalpur, Kunjerhat, Borhanuddin, Bhola"
"Julnas Pump, Joka, Phukhuria, Ghior, Manikganj","Batiara, Marjal, Kataghat-1630, Raipura, Narsingdi"
"Julnas Pump, Joka, Phukhuria, Ghior, Manikganj","Chaulia, Rupdia Bazar, Narendrapur, Jashore Sadar, Jashore"
"Julnas Pump, Joka, Phukhuria, Ghior, Manikganj","Mulaid, Mawna Chouresta, Tangra-1740, Sreepur, Gazipur"
"Julnas Pump, Joka, Phukhuria, Ghior, Manikganj","Satia Cadet College, Babuganj, Barishal"
"Julnas Pump, Joka, Phukhuria, Ghior, Manikganj","Brammankanda, Sreeangan, Kotwali, Faridpur"
"Julnas Pump, Joka, Phukhuria, Ghior, Manikganj","Badarpur, Maokaran-8601, Patuakhali Sadar, Patuakhali"
"Julnas Pump, Joka, Phukhuria, Ghior, Manikganj","Masjidia Chowdhury Para, Mostafapur, Hadifakirhat 4311, Mirsarai, Chattogram"
"Julnas Pump, Joka, Phukhuria, Ghior, Manikganj","Keranirdhal, Debottor, Atghoria, Pabna"
"Julnas Pump, Joka, Phukhuria, Ghior, Manikganj","Mohamadpur (Munsipara), Birampur, Dinajpur"
"Julnas Pump, Joka, Phukhuria, Ghior, Manikganj","Uttor Jogannathpur, Mostafapur, Moulvibazar Sadar, Moulvibazar"
"Julnas Pump, Joka, Phukhuria, Ghior, Manikganj","Merigopinathpur, Gopalganj Sadar, Gopalganj"
"Julnas Pump, Joka, Phukhuria, Ghior, Manikganj","Talukdar Bari, 29Khalishaduli, Baburhat 3602, Chandpur Sadar, Chandpur"
"Julnas Pump, Joka, Phukhuria, Ghior, Manikganj","Chuknagor, cHUKNAGAR-9252, Dumuria, Khulna"
"Merigopinathpur, Gopalganj Sadar, Gopalganj","Baneswar, Shibpur, Baneswar-6260, Puthia, Rajshahi"
"Merigopinathpur, Gopalganj Sadar, Gopalganj","Kolahata, Kalikapur, Haroa, Bonpara, Boraigram, Natore"
"Merigopinathpur, Gopalganj Sadar, Gopalganj","Doshtika, Noongola-5800, Bogura Sadar, Bogura"
"Merigopinathpur, Gopalganj Sadar, Gopalganj","Kuchbihar Road, Mahigong, Satmatha, Bottola, Mahiganj, Rangpur"
"Merigopinathpur, Gopalganj Sadar, Gopalganj","Kumurpur (near Zosna filling station), Birganj, Dinajpur"
"Merigopinathpur, Gopalganj Sadar, Gopalganj","Thikadar Para, Kale, Belgasha, Khalilgonj, Kurigram"
"Merigopinathpur, Gopalganj Sadar, Gopalganj","Dhaka Road, Gas Field Chourasta, Shakhipur, Tangail"
"Merigopinathpur, Gopalganj Sadar, Gopalganj","Digharkanda (Koborsthan Road), Amlitola, Mymensingh Sadar, Mymensingh"
"Merigopinathpur, Gopalganj Sadar, Gopalganj","Kuchai, Kadamtoli-3100, South Surma, Sylhet"
"Merigopinathpur, Gopalganj Sadar, Gopalganj","Word-01, College Road, Mirpur Bazar, Bahubal, Habiganj"
"Merigopinathpur, Gopalganj Sadar, Gopalganj","Daklapara, Kalakochua Bazar, Burichong, Cumilla"
"Merigopinathpur, Gopalganj Sadar, Gopalganj","Dalalpur, Kunjerhat, Borhanuddin, Bhola"
"Merigopinathpur, Gopalganj Sadar, Gopalganj","Batiara, Marjal, Kataghat-1630, Raipura, Narsingdi"
"Merigopinathpur, Gopalganj Sadar, Gopalganj","Chaulia, Rupdia Bazar, Narendrapur, Jashore Sadar, Jashore"
"Merigopinathpur, Gopalganj Sadar, Gopalganj","Mulaid, Mawna Chouresta, Tangra-1740, Sreepur, Gazipur"
"Merigopinathpur, Gopalganj Sadar, Gopalganj","Satia Cadet College, Babuganj, Barishal"
"Merigopinathpur, Gopalganj Sadar, Gopalganj","Brammankanda, Sreeangan, Kotwali, Faridpur"
"Merigopinathpur, Gopalganj Sadar, Gopalganj","Badarpur, Maokaran-8601, Patuakhali Sadar, Patuakhali"
"Merigopinathpur, Gopalganj Sadar, Gopalganj","Masjidia Chowdhury Para, Mostafapur, Hadifakirhat 4311, Mirsarai, Chattogram"
"Merigopinathpur, Gopalganj Sadar, Gopalganj","Keranirdhal, Debottor, Atghoria, Pabna"
"Merigopinathpur, Gopalganj Sadar, Gopalganj","Mohamadpur (Munsipara), Birampur, Dinajpur"
"Merigopinathpur, Gopalganj Sadar, Gopalganj","Uttor Jogannathpur, Mostafapur, Moulvibazar Sadar, Moulvibazar"
"Merigopinathpur, Gopalganj Sadar, Gopalganj","Julnas Pump, Joka, Phukhuria, Ghior, Manikganj"
"Merigopinathpur, Gopalganj Sadar, Gopalganj","Talukdar Bari, 29Khalishaduli, Baburhat 3602, Chandpur Sadar, Chandpur"
"Merigopinathpur, Gopalganj Sadar, Gopalganj","Chuknagor, cHUKNAGAR-9252, Dumuria, Khulna"
"Talukdar Bari, 29Khalishaduli, Baburhat 3602, Chandpur Sadar, Chandpur","Baneswar, Shibpur, Baneswar-6260, Puthia, Rajshahi"
"Talukdar Bari, 29Khalishaduli, Baburhat 3602, Chandpur Sadar, Chandpur","Kolahata, Kalikapur, Haroa, Bonpara, Boraigram, Natore"
"Talukdar Bari, 29Khalishaduli, Baburhat 3602, Chandpur Sadar, Chandpur","Doshtika, Noongola-5800, Bogura Sadar, Bogura"
"Talukdar Bari, 29Khalishaduli, Baburhat 3602, Chandpur Sadar, Chandpur","Kuchbihar Road, Mahigong, Satmatha, Bottola, Mahiganj, Rangpur"
"Talukdar Bari, 29Khalishaduli, Baburhat 3602, Chandpur Sadar, Chandpur","Kumurpur (near Zosna filling station), Birganj, Dinajpur"
"Talukdar Bari, 29Khalishaduli, Baburhat 3602, Chandpur Sadar, Chandpur","Thikadar Para, Kale, Belgasha, Khalilgonj, Kurigram"
"Talukdar Bari, 29Khalishaduli, Baburhat 3602, Chandpur Sadar, Chandpur","Dhaka Road, Gas Field Chourasta, Shakhipur, Tangail"
"Talukdar Bari, 29Khalishaduli, Baburhat 3602, Chandpur Sadar, Chandpur","Digharkanda (Koborsthan Road), Amlitola, Mymensingh Sadar, Mymensingh"
"Talukdar Bari, 29Khalishaduli, Baburhat 3602, Chandpur Sadar, Chandpur","Kuchai, Kadamtoli-3100, South Surma, Sylhet"
"Talukdar Bari, 29Khalishaduli, Baburhat 3602, Chandpur Sadar, Chandpur","Word-01, College Road, Mirpur Bazar, Bahubal, Habiganj"
"Talukdar Bari, 29Khalishaduli, Baburhat 3602, Chandpur Sadar, Chandpur","Daklapara, Kalakochua Bazar, Burichong, Cumilla"
"Talukdar Bari, 29Khalishaduli, Baburhat 3602, Chandpur Sadar, Chandpur","Dalalpur, Kunjerhat, Borhanuddin, Bhola"
"Talukdar Bari, 29Khalishaduli, Baburhat 3602, Chandpur Sadar, Chandpur","Batiara, Marjal, Kataghat-1630, Raipura, Narsingdi"
"Talukdar Bari, 29Khalishaduli, Baburhat 3602, Chandpur Sadar, Chandpur","Chaulia, Rupdia Bazar, Narendrapur, Jashore Sadar, Jashore"
"Talukdar Bari, 29Khalishaduli, Baburhat 3602, Chandpur Sadar, Chandpur","Mulaid, Mawna Chouresta, Tangra-1740, Sreepur, Gazipur"
"Talukdar Bari, 29Khalishaduli, Baburhat 3602, Chandpur Sadar, Chandpur","Satia Cadet College, Babuganj, Barishal"
"Talukdar Bari, 29Khalishaduli, Baburhat 3602, Chandpur Sadar, Chandpur","Brammankanda, Sreeangan, Kotwali, Faridpur"
"Talukdar Bari, 29Khalishaduli, Baburhat 3602, Chandpur Sadar, Chandpur","Badarpur, Maokaran-8601, Patuakhali Sadar, Patuakhali"
"Talukdar Bari, 29Khalishaduli, Baburhat 3602, Chandpur Sadar, Chandpur","Masjidia Chowdhury Para, Mostafapur, Hadifakirhat 4311, Mirsarai, Chattogram"
"Talukdar Bari, 29Khalishaduli, Baburhat 3602, Chandpur Sadar, Chandpur","Keranirdhal, Debottor, Atghoria, Pabna"
"Talukdar Bari, 29Khalishaduli, Baburhat 3602, Chandpur Sadar, Chandpur","Mohamadpur (Munsipara), Birampur, Dinajpur"
"Talukdar Bari, 29Khalishaduli, Baburhat 3602, Chandpur Sadar, Chandpur","Uttor Jogannathpur, Mostafapur, Moulvibazar Sadar, Moulvibazar"
"Talukdar Bari, 29Khalishaduli, Baburhat 3602, Chandpur Sadar, Chandpur","Julnas Pump, Joka, Phukhuria, Ghior, Manikganj"
"Talukdar Bari, 29Khalishaduli, Baburhat 3602, Chandpur Sadar, Chandpur","Merigopinathpur, Gopalganj Sadar, Gopalganj"
"Talukdar Bari, 29Khalishaduli, Baburhat 3602, Chandpur Sadar, Chandpur","Chuknagor, cHUKNAGAR-9252, Dumuria, Khulna"
"Chuknagor, cHUKNAGAR-9252, Dumuria, Khulna","Baneswar, Shibpur, Baneswar-6260, Puthia, Rajshahi"
"Chuknagor, cHUKNAGAR-9252, Dumuria, Khulna","Kolahata, Kalikapur, Haroa, Bonpara, Boraigram, Natore"
"Chuknagor, cHUKNAGAR-9252, Dumuria, Khulna","Doshtika, Noongola-5800, Bogura Sadar, Bogura"
"Chuknagor, cHUKNAGAR-9252, Dumuria, Khulna","Kuchbihar Road, Mahigong, Satmatha, Bottola, Mahiganj, Rangpur"
"Chuknagor, cHUKNAGAR-9252, Dumuria, Khulna","Kumurpur (near Zosna filling station), Birganj, Dinajpur"
"Chuknagor, cHUKNAGAR-9252, Dumuria, Khulna","Thikadar Para, Kale, Belgasha, Khalilgonj, Kurigram"
"Chuknagor, cHUKNAGAR-9252, Dumuria, Khulna","Dhaka Road, Gas Field Chourasta, Shakhipur, Tangail"
"Chuknagor, cHUKNAGAR-9252, Dumuria, Khulna","Digharkanda (Koborsthan Road), Amlitola, Mymensingh Sadar, Mymensingh"
"Chuknagor, cHUKNAGAR-9252, Dumuria, Khulna","Kuchai, Kadamtoli-3100, South Surma, Sylhet"
"Chuknagor, cHUKNAGAR-9252, Dumuria, Khulna","Word-01, College Road, Mirpur Bazar, Bahubal, Habiganj"
"Chuknagor, cHUKNAGAR-9252, Dumuria, Khulna","Daklapara, Kalakochua Bazar, Burichong, Cumilla"
"Chuknagor, cHUKNAGAR-9252, Dumuria, Khulna","Dalalpur, Kunjerhat, Borhanuddin, Bhola"
"Chuknagor, cHUKNAGAR-9252, Dumuria, Khulna","Batiara, Marjal, Kataghat-1630, Raipura, Narsingdi"
"Chuknagor, cHUKNAGAR-9252, Dumuria, Khulna","Chaulia, Rupdia Bazar, Narendrapur, Jashore Sadar, Jashore"
"Chuknagor, cHUKNAGAR-9252, Dumuria, Khulna","Mulaid, Mawna Chouresta, Tangra-1740, Sreepur, Gazipur"
"Chuknagor, cHUKNAGAR-9252, Dumuria, Khulna","Satia Cadet College, Babuganj, Barishal"
"Chuknagor, cHUKNAGAR-9252, Dumuria, Khulna","Brammankanda, Sreeangan, Kotwali, Faridpur"
"Chuknagor, cHUKNAGAR-9252, Dumuria, Khulna","Badarpur, Maokaran-8601, Patuakhali Sadar, Patuakhali"
"Chuknagor, cHUKNAGAR-9252, Dumuria, Khulna","Masjidia Chowdhury Para, Mostafapur, Hadifakirhat 4311, Mirsarai, Chattogram"
"Chuknagor, cHUKNAGAR-9252, Dumuria, Khulna","Keranirdhal, Debottor, Atghoria, Pabna"
"Chuknagor, cHUKNAGAR-9252, Dumuria, Khulna","Mohamadpur (Munsipara), Birampur, Dinajpur"
"Chuknagor, cHUKNAGAR-9252, Dumuria, Khulna","Uttor Jogannathpur, Mostafapur, Moulvibazar Sadar, Moulvibazar"
"Chuknagor, cHUKNAGAR-9252, Dumuria, Khulna","Julnas Pump, Joka, Phukhuria, Ghior, Manikganj"
"Chuknagor, cHUKNAGAR-9252, Dumuria, Khulna","Merigopinathpur, Gopalganj Sadar, Gopalganj"
"Chuknagor, cHUKNAGAR-9252, Dumuria, Khulna","Talukdar Bari, 29Khalishaduli, Baburhat 3602, Chandpur Sadar, Chandpur"
